WVHT,DPD,APD,MWD,WTMP,time_sin
1.4,9,7.1,83,29.5,-0.608761429
1.5,13,7.7,320,29.4,-0.707106781
1.5,14,8.1,325,29.3,-0.79335334
1.5,14,7.9,323,29.3,-0.866025404
1.5,8,7.8,68,29.3,-0.923879533
1.4,14,8.1,322,29.3,-0.965925826
1.6,14,8.4,325,29.2,-0.991444861
1.5,14,8.2,329,29.2,-1
1.5,14,8.1,323,29.3,-0.991444861
1.6,14,8.2,321,29.3,-0.965925826
1.6,14,8.4,329,29.3,-0.923879533
1.5,11,8.1,9,29.3,-0.866025404
1.5,11,8.2,357,29.3,-0.79335334
1.5,14,8.2,326,29.3,-0.707106781
1.5,8,8,66,29.3,-0.608761429
1.5,14,8.4,327,29.3,-0.5
1.5,8,8.2,55,29.3,-0.382683432
1.5,14,8.6,328,29.3,-0.258819045
1.5,14,8.1,329,29.3,-0.130526192
1.5,13,8.1,351,29.4,1.22E-16
1.7,14,8.4,333,29.4,0.130526192
1.5,9,8,48,29.4,0.258819045
1.6,14,8.4,332,29.4,0.382683432
1.5,11,8,348,29.4,0.5
1.6,15,8.2,327,29.4,0.608761429
1.7,13,8.3,339,29.4,0.707106781
1.5,13,7.9,343,29.3,0.79335334
1.6,13,7.9,353,29.4,0.866025404
1.5,12,7.7,333,29.4,0.923879533
1.7,8,8.1,50,29.4,0.965925826
1.6,8,7.3,51,29.4,0.991444861
1.6,8,7.3,53,29.4,1
1.8,12,7.5,325,29.4,0.991444861
1.7,8,7.4,55,29.4,0.965925826
1.7,8,7,67,29.4,0.923879533
1.6,9,7.1,38,29.4,0.866025404
1.6,13,7.2,338,29.4,0.79335334
1.8,13,7.5,331,29.4,0.707106781
1.7,13,7.3,337,29.4,0.608761429
1.8,12,7.1,344,29.4,0.5
1.7,9,7.1,53,29.5,0.382683432
1.7,13,6.8,354,29.4,0.258819045
1.8,13,7.5,331,29.4,0.130526192
1.7,9,7,41,29.4,0
1.8,13,7.2,344,29.4,-0.130526192
1.8,10,7.2,34,29.4,-0.258819045
1.9,13,7.3,339,29.4,-0.382683432
1.8,9,7.2,72,29.3,-0.5
2,13,7.7,359,29.3,-0.608761429
1.8,8,7.5,56,29.3,-0.707106781
1.8,9,7.8,59,29.3,-0.79335334
1.8,8,7.7,61,29.2,-0.866025404
1.9,13,8.4,355,29.2,-0.923879533
1.9,13,8,330,29.2,-0.965925826
1.8,8,8.2,69,29.2,-0.991444861
1.8,13,8.2,344,29.2,-1
1.8,13,8.1,339,29.2,-0.991444861
1.8,13,7.9,333,29.2,-0.965925826
1.9,9,7.9,58,29.2,-0.923879533
1.9,8,8.1,45,29.2,-0.866025404
2,13,8.5,328,29.2,-0.79335334
1.9,13,8.3,331,29.2,-0.707106781
1.9,13,8,344,29.3,-0.608761429
1.9,13,8,355,29.2,-0.5
1.8,13,8.3,329,29.3,-0.382683432
1.9,13,8,327,29.3,-0.258819045
1.9,8,8,59,29.3,-0.130526192
2,14,8.8,351,29.3,1.22E-16
1.9,13,8.5,311,29.3,0.130526192
1.8,14,7.9,349,29.3,0.258819045
2,14,8.4,330,29.3,0.382683432
1.8,10,8.1,359,29.3,0.5
2,14,8.6,334,29.3,0.608761429
1.8,10,7.8,356,29.4,0.707106781
2,13,8.3,321,29.3,0.79335334
2,14,8.3,341,29.4,0.866025404
2.2,13,8.5,339,29.4,0.923879533
2.1,8,8.3,73,29.4,0.965925826
1.9,13,8.3,328,29.5,0.991444861
1.9,8,8.2,40,29.5,1
1.8,13,8.2,333,29.5,0.991444861
1.9,14,8.1,335,29.5,0.965925826
2,12,7.8,352,29.5,0.923879533
1.9,14,7.6,324,29.5,0.866025404
2.1,14,8.1,335,29.5,0.79335334
1.9,11,7.6,357,29.5,0.707106781
2.2,12,8,334,29.5,0.608761429
2,9,7.8,50,29.5,0.5
2.2,12,7.9,342,29.5,0.382683432
2.1,14,7.8,317,29.4,0.258819045
2.1,12,7.8,337,29.4,0.130526192
2.1,14,7.7,342,29.4,0
2.1,14,7.8,342,29.4,-0.130526192
2.2,13,8.1,346,29.3,-0.258819045
2.2,14,8.1,347,29.3,-0.382683432
2.1,14,8.1,335,29.3,-0.5
2,12,8,334,29.3,-0.608761429
2.3,12,8.7,330,29.3,-0.707106781
2.1,13,8.7,345,29.2,-0.79335334
2.2,12,8.4,7,29.2,-0.866025404
2.2,13,8.7,345,29.2,-0.923879533
2.3,11,8.7,43,29.2,-0.965925826
2.3,14,8.7,341,29.1,-0.991444861
2.3,15,8.6,344,29.1,-1
2.2,13,8.5,338,29.1,-0.991444861
2.2,11,8.5,336,29.1,-0.965925826
2.2,13,8.4,342,29.1,-0.923879533
2.4,14,8.5,349,29.1,-0.866025404
2.3,13,8.5,341,29.2,-0.79335334
2.2,13,8.5,340,29.1,-0.707106781
2.3,14,8.7,337,29.1,-0.608761429
2.2,8,8.1,38,29.1,-0.5
2.2,12,8.3,331,29.1,-0.382683432
2.4,14,8.6,343,29.1,-0.258819045
2.1,14,8.3,339,29.2,-0.130526192
2.2,12,7.9,333,29.2,1.22E-16
2.1,14,8.1,337,29.2,0.130526192
2.1,14,8,336,29.2,0.258819045
2.1,14,8,342,29.2,0.382683432
2.2,13,8.3,347,29.2,0.5
2.4,14,8,344,29.1,0.608761429
2.3,14,8.3,342,29.1,0.707106781
2.3,13,8.2,2,29.1,0.79335334
2.2,15,7.8,344,29.1,0.866025404
2.3,14,7.9,342,29.2,0.923879533
2,13,7.2,336,29.2,0.965925826
2.2,14,7.5,338,29.2,0.991444861
2.2,13,7.7,345,29.2,1
2.1,15,8,342,29.2,0.991444861
2,12,7.4,320,29.2,0.965925826
2,13,8,319,29.2,0.923879533
2.1,11,7.8,281,29.2,0.866025404
2,13,7.7,343,29.2,0.79335334
1.9,12,7.7,280,29.2,0.707106781
2,12,7.8,213,29.2,0.608761429
1.9,11,7.5,319,29.2,0.5
1.8,12,7,166,29.2,0.382683432
2.1,13,8,240,29.2,0.258819045
2,12,7.8,246,29.2,0.130526192
2,13,7.2,306,29.2,0
1.9,11,7.1,258,29.2,-0.130526192
1.9,11,7.5,205,29.2,-0.258819045
1.9,13,7.1,306,29.2,-0.382683432
1.9,12,7.2,320,29.2,-0.5
1.8,11,6.8,271,29.2,-0.608761429
2.2,13,7.8,332,29.2,-0.707106781
2.1,13,7.5,345,29.2,-0.79335334
1.9,13,7,281,29.1,-0.866025404
2,13,7.3,346,29.2,-0.923879533
2,12,7.2,272,29.1,-0.965925826
2,13,7.6,263,29.1,-0.991444861
2.1,12,7.3,328,29.1,-1
2.1,12,7.4,317,29.1,-0.991444861
2,12,7.3,318,29.1,-0.965925826
2.1,13,8,325,29.1,-0.923879533
2.1,13,8.5,259,29.2,-0.866025404
2,13,8,268,29.2,-0.79335334
2,13,7.9,273,29.2,-0.707106781
2,12,7.5,313,29.2,-0.608761429
1.9,13,7.7,287,29.2,-0.5
2.1,13,7.7,286,29.2,-0.382683432
2,13,7.3,253,29.2,-0.258819045
2.1,12,7.4,296,29.2,-0.130526192
1.9,13,6.8,332,29.2,1.22E-16
2,13,7.2,244,29.2,0.130526192
2.1,13,7.6,289,29.2,0.258819045
1.9,13,7.2,271,29.2,0.382683432
1.9,13,7.2,248,29.2,0.5
1.9,13,7.2,284,29.2,0.608761429
2.2,13,8.1,252,29.2,0.707106781
2,13,7.5,237,29.2,0.79335334
2,13,6.8,254,29.3,0.866025404
2.1,13,7.6,262,29.3,0.923879533
2,13,7.2,255,29.3,0.965925826
1.9,13,7.4,219,29.3,0.991444861
2.1,13,8.1,209,29.3,1
1.8,13,7.1,221,29.3,0.991444861
2,13,7.4,226,29.3,0.965925826
1.9,13,7,202,29.3,0.923879533
1.9,13,7,201,29.3,0.866025404
2,13,7.4,212,29.4,0.79335334
2,13,7.2,230,29.3,0.707106781
2.1,13,7.3,227,29.3,0.608761429
2.2,13,7.5,221,29.3,0.5
2.2,13,7.5,211,29.3,0.382683432
2.1,13,7,238,29.3,0.258819045
1.9,13,6.8,208,29.3,0.130526192
1.9,13,7,219,29.3,0
1.9,13,6.8,201,29.3,-0.130526192
2.1,13,7.3,204,29.3,-0.258819045
1.8,12,6.9,265,29.3,-0.382683432
1.9,13,7.6,213,29.3,-0.5
2,13,7.9,250,29.3,-0.608761429
1.9,12,7.7,206,29.3,-0.707106781
1.9,13,7.9,224,29.3,-0.79335334
1.9,13,7.9,201,29.2,-0.866025404
1.9,13,7.9,256,29.2,-0.923879533
1.8,13,7.9,237,29.2,-0.965925826
1.8,13,7.9,218,29.2,-0.991444861
1.9,13,8.4,253,29.2,-1
1.8,13,8.3,218,29.2,-0.991444861
1.9,13,8.5,219,29.2,-0.965925826
2,13,8.8,216,29.2,-0.923879533
2.1,13,9.5,217,29.2,-0.866025404
2.1,13,9.6,238,29.2,-0.79335334
2.1,13,9.8,231,29.2,-0.707106781
1.9,13,9.6,247,29.2,-0.608761429
2.1,13,10.2,238,29.2,-0.5
1.9,13,9.6,248,29.2,-0.382683432
2.1,13,10,213,29.2,-0.258819045
2.1,13,9.9,233,29.2,-0.130526192
2,13,9.9,219,29.3,1.22E-16
2.5,13,10.9,216,29.2,0.130526192
2.4,13,10.8,216,29.3,0.258819045
2.1,13,10.2,198,29.3,0.382683432
2,14,10.1,214,29.3,0.5
2.2,13,10.5,229,29.3,0.608761429
2,14,10.3,219,29.3,0.707106781
2.2,14,10.7,227,29.4,0.79335334
2.3,14,10.9,233,29.3,0.866025404
2.2,14,10.5,217,29.4,0.923879533
2,14,10.3,219,29.4,0.965925826
2.2,14,10.6,227,29.4,0.991444861
2.1,14,10.5,220,29.5,1
2.2,13,11,223,29.6,0.991444861
2.1,14,10.7,226,29.6,0.965925826
2.1,14,11.3,235,29.6,0.923879533
2.1,14,11.2,217,29.6,0.866025404
1.8,14,10.4,227,29.7,0.79335334
1.9,14,10.6,220,29.6,0.707106781
1.7,14,9.8,225,29.6,0.608761429
1.9,14,10.2,215,29.5,0.5
1.8,14,10,229,29.5,0.382683432
1.5,13,9.4,239,29.5,0.258819045
1.6,14,9.8,224,29.5,0.130526192
1.4,11,8.6,243,29.4,0
1.5,15,9.1,213,29.4,-0.130526192
1.5,11,8.8,236,29.4,-0.258819045
1.5,15,8.8,230,29.3,-0.382683432
1.4,13,8.8,317,29.3,-0.5
1.4,12,8.7,241,29.2,-0.608761429
1.3,13,8.6,324,29.2,-0.707106781
1.4,13,9.2,316,29.2,-0.79335334
1.4,13,9.6,325,29.1,-0.866025404
1.4,12,9.2,271,29.1,-0.923879533
1.3,12,9.4,261,29.1,-0.965925826
1.2,13,9.3,347,29.1,-0.991444861
1.3,14,9,355,29,-1
1.3,13,9.1,341,29,-0.991444861
1.3,13,9,342,29,-0.965925826
1.4,13,9.3,337,29,-0.923879533
1.3,14,9.3,344,29,-0.866025404
1.2,13,8.7,340,29.1,-0.79335334
1.3,13,8.6,339,29.2,-0.707106781
1.3,13,8.9,347,29.2,-0.608761429
1.4,14,9.3,357,29.2,-0.5
1.3,13,8.9,344,29.2,-0.382683432
1.4,14,9.1,348,29.3,-0.258819045
1.3,14,9.1,3,29.3,-0.130526192
1.3,13,9,349,29.4,1.22E-16
1.3,13,8.8,353,29.5,0.258819045
1.3,13,9,340,29.5,0.382683432
1.4,13,9.6,354,29.6,0.5
1.2,13,9.1,344,29.7,0.608761429
1.3,13,9.5,344,29.6,0.707106781
1.2,13,9.5,347,29.7,0.79335334
1.4,14,10.3,347,29.7,0.866025404
1.2,13,9.3,348,29.6,0.923879533
1.2,13,9.8,347,30,0.965925826
1.2,13,9.6,353,29.5,0.991444861
1.4,13,9.9,353,29.7,1
1.3,13,10,345,29.9,0.991444861
1.2,13,9.9,349,30.2,0.965925826
1.2,14,9.8,357,30,0.923879533
1.2,14,9.8,352,30.5,0.866025404
1.3,13,10.1,338,30.7,0.79335334
1.2,14,9.7,351,31.3,0.707106781
1.3,13,10.1,349,31.8,0.608761429
1.4,14,10.3,348,31.5,0.5
1.4,13,10.4,347,31.8,0.382683432
1.3,13,10.1,350,31.4,0.258819045
1.2,12,9.5,347,31.3,0.130526192
1.4,14,10.2,351,30.8,0
1.3,13,9.7,341,30.6,-0.130526192
1.3,14,9.8,345,30.4,-0.258819045
1.3,12,9.5,339,30.2,-0.382683432
1.4,14,9.9,351,29.8,-0.5
1.2,12,9.3,331,29.8,-0.608761429
1.3,13,9.6,338,29.6,-0.707106781
1.3,14,9.7,351,29.5,-0.79335334
1.3,14,9.9,336,29.5,-0.866025404
1.3,13,10,333,29.4,-0.923879533
1.2,13,9.7,334,29.4,-0.965925826
1.3,14,10.2,337,29.4,-0.991444861
1.3,13,10.1,327,29.4,-1
1.3,14,10,345,29.2,-0.991444861
1.3,13,9.9,340,29.2,-0.965925826
1.4,14,9.9,343,29.2,-0.923879533
1.5,14,10,347,29.2,-0.866025404
1.5,14,9.8,337,29.1,-0.79335334
1.5,14,9.8,342,29.1,-0.707106781
1.5,13,9.1,335,29.1,-0.608761429
1.5,13,9.2,340,29.1,-0.5
1.4,14,8.8,332,29.1,-0.382683432
1.5,14,9.7,340,29.1,-0.258819045
1.6,14,10.2,336,29.1,-0.130526192
1.6,14,10.1,343,29.2,1.22E-16
1.4,14,9.2,353,29.2,0.130526192
1.5,13,9.6,342,29.2,0.258819045
1.5,14,9.4,336,29.2,0.382683432
1.5,13,9.4,346,29.2,0.5
1.5,15,9.6,340,29.3,0.608761429
1.4,13,8.9,335,29.3,0.707106781
1.4,14,9.2,341,29.3,0.79335334
1.5,12,9.7,325,29.4,0.866025404
1.7,14,10.5,333,29.4,0.923879533
1.5,13,9.6,336,29.4,0.965925826
1.5,13,9.8,330,29.4,0.991444861
1.4,15,9.4,354,29.5,1
1.5,14,9.7,337,29.5,0.991444861
1.7,13,10.5,320,29.6,0.965925826
1.6,13,10.1,327,29.6,0.923879533
1.7,13,10.1,327,29.7,0.866025404
1.6,13,10,330,29.9,0.79335334
1.7,13,10.3,334,29.8,0.707106781
1.8,13,10.2,340,29.9,0.608761429
1.7,13,10.2,344,29.9,0.5
1.6,15,10.2,344,30,0.382683432
1.7,14,10,341,30,0.258819045
1.7,15,10.2,357,29.6,0.130526192
1.9,15,10.8,349,29.7,0
1.7,15,10.4,346,29.8,-0.130526192
1.7,13,10.1,337,29.5,-0.258819045
1.8,15,10,347,29.5,-0.382683432
1.9,14,10.5,339,29.5,-0.5
1.8,13,10.6,336,29.6,-0.608761429
1.6,13,9.9,329,29.4,-0.707106781
1.6,13,10,322,29.4,-0.79335334
1.7,14,10.6,331,29.3,-0.866025404
1.9,13,11.2,328,29.2,-0.923879533
1.6,13,10.2,333,29.2,-0.965925826
1.8,13,10.8,326,29.2,-0.991444861
1.7,14,10.6,328,29.2,-1
1.8,13,10.6,315,29.2,-0.991444861
1.7,14,10.2,337,29.2,-0.965925826
1.5,15,10,343,29.2,-0.923879533
1.8,14,10.8,333,29.2,-0.866025404
1.8,15,11.1,338,29.2,-0.79335334
1.9,15,11.3,337,29.3,-0.707106781
2,14,11.5,336,29.3,-0.608761429
1.8,15,11.2,342,29.3,-0.5
1.9,15,11.3,348,29.3,-0.382683432
2,14,11.7,333,29.3,-0.258819045
1.9,14,11.4,335,29.3,-0.130526192
1.9,15,11.2,344,29.3,1.22E-16
2.1,15,11.5,342,29.4,0.130526192
1.9,15,11.3,340,29.4,0.258819045
1.8,14,11.1,337,29.4,0.382683432
2,15,11.6,335,29.4,0.5
2,15,11.8,339,29.4,0.608761429
1.9,14,11.5,339,29.4,0.707106781
2.1,15,12,330,29.4,0.79335334
2,15,11.6,332,29.4,0.866025404
2,14,11.3,329,29.5,0.923879533
1.8,13,10.9,320,29.5,0.965925826
1.9,15,11.4,331,29.5,0.991444861
2.1,14,11.7,325,29.6,1
1.7,14,10.8,333,29.7,0.991444861
2,15,11.4,335,29.8,0.965925826
2.1,15,11.5,326,29.9,0.923879533
1.9,15,11,337,29.9,0.866025404
1.9,15,11.4,331,29.9,0.79335334
2.3,14,12,323,29.7,0.707106781
2,17,11.2,333,29.7,0.608761429
2.1,15,11.3,331,29.7,0.5
2.2,14,11.5,324,29.6,0.382683432
2.1,13,10.9,331,29.6,0.258819045
2.2,13,10.9,321,29.5,0.130526192
2.3,15,11.5,332,29.4,0
2,14,10.9,318,29.4,-0.130526192
2.1,14,11.2,319,29.4,-0.258819045
2.2,14,11.3,316,29.3,-0.382683432
2.2,15,11.4,328,29.4,-0.5
2.1,15,11.5,331,29.4,-0.608761429
2,15,11.6,324,29.4,-0.707106781
2.1,15,11.6,322,29.4,-0.79335334
2,14,11.2,325,29.3,-0.866025404
1.8,14,10.8,305,29.2,-0.923879533
1.7,15,10.8,323,29.1,-0.965925826
1.8,15,11,323,29.1,-0.991444861
1.9,15,11.6,332,29.1,-1
1.9,17,11.3,332,29.1,-0.991444861
2,15,11.1,327,29.1,-0.965925826
1.7,15,10,333,29.1,-0.923879533
2.1,15,11.2,323,29.1,-0.866025404
2,15,10.8,321,29.2,-0.79335334
2.4,15,11.6,333,29.2,-0.707106781
2.1,15,10.5,323,29.2,-0.608761429
2.2,15,10.9,328,29.3,-0.5
2.4,15,10.9,327,29.2,-0.382683432
2,15,10.4,322,29.3,-0.258819045
2.2,15,10.6,327,29.4,-0.130526192
2,15,10.4,334,29.4,1.22E-16
2.2,15,11.4,330,29.5,0.130526192
2.1,15,10.9,331,29.5,0.258819045
2.1,15,11.2,334,29.5,0.382683432
2.1,17,11.3,331,29.6,0.5
2.2,17,11.2,326,29.6,0.608761429
1.8,15,10.1,333,29.7,0.707106781
2.1,17,11.6,324,29.7,0.79335334
2,17,11.1,321,29.8,0.866025404
2,15,11.4,320,29.8,0.923879533
2,17,11.8,323,29.9,0.965925826
1.7,15,10.8,314,30,0.991444861
1.8,15,11.4,314,30,1
1.9,17,11.9,331,29.9,0.991444861
1.7,17,11.4,324,29.9,0.965925826
1.8,15,11.4,309,30.1,0.923879533
1.7,17,11.3,321,30.2,0.866025404
2,17,12.1,315,30.4,0.79335334
1.8,17,11.9,319,30.4,0.707106781
1.9,17,11.9,327,30.3,0.608761429
2,17,12.5,322,30.5,0.5
1.9,17,12.3,320,30.5,0.382683432
1.9,17,12.4,326,30.5,0.258819045
1.9,17,12.1,318,30.4,0.130526192
1.9,17,12.5,319,30.5,0
1.9,17,12.7,325,30.6,-0.130526192
2,17,12.9,318,30.5,-0.258819045
1.7,17,12.4,327,30.4,-0.382683432
1.9,17,13.2,323,30,-0.5
1.9,17,13.2,326,29.6,-0.707106781
2.1,18,14.1,322,29.4,-0.79335334
1.7,18,12.5,324,29.3,-0.866025404
1.6,18,12.3,323,29.3,-0.923879533
1.7,18,12.9,318,29.3,-0.965925826
1.4,18,11.6,327,29.3,-0.991444861
1.9,18,13.7,317,29.3,-1
1.6,18,12.1,318,29.3,-0.991444861
1.5,18,11.7,319,29.3,-0.965925826
1.6,18,12.1,320,29.3,-0.923879533
1.5,18,12.3,326,29.3,-0.866025404
1.4,18,11.6,324,29.3,-0.79335334
1.6,18,12.1,325,29.2,-0.707106781
1.6,18,11.9,325,29.3,-0.608761429
1.7,18,12.5,328,29.3,-0.5
1.4,18,11.1,320,29.4,-0.382683432
1.5,18,11.7,325,29.4,-0.258819045
1.4,18,11.4,323,29.4,-0.130526192
1.7,18,12.7,324,29.4,1.22E-16
1.5,18,11,324,29.4,0.130526192
1.5,18,11.8,324,29.5,0.258819045
1.5,18,11.8,324,29.5,0.382683432
1.5,18,11.1,326,29.4,0.5
1.5,18,11.3,323,29.5,0.608761429
1.7,18,12.3,328,29.6,0.707106781
1.8,20,12.7,327,29.7,0.79335334
1.4,20,10.6,318,29.8,0.866025404
1.6,20,11.7,326,29.8,0.923879533
1.5,20,11.4,325,29.8,0.965925826
1.4,20,10.6,322,29.9,0.991444861
1.5,20,10.4,321,30,1
1.4,13,9.7,340,30.1,0.991444861
1.3,20,9.4,317,30.1,0.965925826
1.2,14,8.6,344,29.9,0.923879533
1.4,20,9.8,323,30.1,0.866025404
1.5,20,10.2,318,30.1,0.79335334
1.4,14,9.3,340,30.2,0.707106781
1.3,14,8.9,340,30.2,0.608761429
1.3,14,8.8,345,30.2,0.5
1.4,20,9.6,320,30.1,0.382683432
1.3,14,8.6,347,30.1,0.258819045
1.3,14,9.4,343,30.2,0.130526192
1.4,20,9.7,325,30.1,0
1.4,14,9.6,348,29.8,-0.130526192
1.3,14,8.4,344,29.7,-0.258819045
1.3,14,8.7,343,29.5,-0.382683432
1.3,14,8.6,339,29.4,-0.5
1.3,14,8.9,346,29.3,-0.608761429
1.4,14,9.6,338,29.2,-0.707106781
1.4,14,9.8,347,29.1,-0.79335334
1.3,14,8.9,343,29,-0.866025404
1.3,15,9.1,348,29,-0.923879533
1.3,15,9.4,344,29,-0.965925826
1.3,14,9.1,343,28.9,-0.991444861
1.4,14,9.6,342,28.9,-1
1.3,14,8.8,344,28.9,-0.991444861
1.3,14,8.9,347,28.9,-0.965925826
1.3,14,8.9,346,28.9,-0.923879533
1.2,14,8.3,336,28.9,-0.866025404
1.3,14,8.7,343,28.8,-0.79335334
1.3,15,8.5,333,28.8,-0.707106781
1.3,15,8,343,28.9,-0.608761429
1.4,14,8.5,357,28.9,-0.5
1.2,14,7.8,339,28.9,-0.382683432
1.3,15,8,342,28.8,-0.258819045
1.5,14,8.9,350,28.8,-0.130526192
1.3,15,8.2,337,28.8,1.22E-16
1.3,14,8.1,348,28.8,0.130526192
1.4,15,8.2,354,28.7,0.258819045
1.3,15,7.9,349,28.7,0.382683432
1.6,15,8.6,347,28.7,0.5
1.4,14,8.3,348,28.7,0.608761429
1.5,15,8.3,346,28.7,0.707106781
1.4,13,7.9,349,28.7,0.79335334
1.4,15,8.2,350,28.7,0.866025404
1.5,15,8.4,349,28.8,0.923879533
1.4,15,8.1,356,28.7,0.965925826
1.6,15,8.6,351,28.7,0.991444861
1.4,15,8.3,348,28.7,1
1.4,14,8.1,348,28.5,0.991444861
1.5,14,8,348,28.8,0.965925826
1.5,15,7.5,344,28.8,0.923879533
1.5,14,7.9,344,28.8,0.866025404
1.4,13,7.3,340,28.8,0.79335334
1.5,14,7.7,340,28.8,0.707106781
1.4,14,7.1,348,28.7,0.608761429
1.5,15,7.8,354,28.6,0.5
1.5,14,7.3,342,28.5,0.382683432
1.5,14,7.8,339,28.4,0.258819045
1.5,13,8.2,349,28.4,0.130526192
1.6,14,8.4,340,28.3,0
1.5,15,9,345,28.1,-0.382683432
1.5,15,8.9,342,28.2,-0.5
1.5,15,9.4,348,28.3,-0.608761429
1.3,15,8.8,341,27.7,-0.707106781
1.3,15,8.1,342,28,-0.79335334
1.5,15,9.1,338,28.7,-0.866025404
1.4,15,8.8,339,28.6,-0.923879533
1.6,15,9.6,341,28.7,-0.965925826
1.4,15,8.7,346,28.8,-0.991444861
1.4,15,9.2,344,28.8,-1
1.4,15,8.9,342,28.8,-0.991444861
1.3,15,8.5,346,28.8,-0.965925826
1.4,15,8.4,332,28.8,-0.923879533
1.3,15,8.1,344,28.9,-0.866025404
1.5,15,8.7,341,28.9,-0.79335334
1.5,15,8.6,340,29,-0.707106781
1.3,15,8.2,338,29,-0.608761429
1.4,17,8.6,337,29,-0.5
1.3,17,8.3,344,29,-0.382683432
1.3,15,8,333,29,-0.258819045
1.4,15,8.6,340,29,-0.130526192
1.6,15,8.9,334,29,1.22E-16
1.5,15,8.5,343,29,0.130526192
1.4,15,8.5,334,29,0.258819045
1.4,15,8,338,29,0.382683432
1.4,17,8,329,29,0.5
1.4,15,8,332,29,0.608761429
1.4,15,7.8,335,29,0.707106781
1.4,15,8.2,340,29,0.79335334
1.4,17,8.3,333,29,0.866025404
1.4,17,7.4,336,29,0.923879533
1.3,15,6.9,338,29,0.965925826
1.5,17,7.2,330,29,0.991444861
1.5,17,6.9,341,29,1
1.4,17,6.5,338,29,0.991444861
1.4,17,6.6,336,29,0.965925826
1.5,17,6.9,336,29,0.923879533
1.4,17,6.7,339,29.1,0.866025404
1.4,17,6.9,337,29,0.79335334
1.4,17,6.9,339,29,0.707106781
1.4,17,6.9,342,29,0.608761429
1.4,17,6.4,343,29.1,0.5
1.4,17,6.1,348,29,0.382683432
1.6,9,6.5,30,29.1,0.258819045
1.5,17,5.9,333,29,0.130526192
1.5,17,6.1,343,29,0
1.5,17,6.5,338,29,-0.130526192
1.4,17,6.3,340,29,-0.258819045
1.5,9,6.6,50,29,-0.382683432
1.5,17,6.5,333,29,-0.5
1.5,17,6.7,334,29,-0.608761429
1.4,10,6.2,11,29,-0.707106781
1.6,8,6.5,42,29,-0.79335334
1.5,10,6.6,14,29,-0.866025404
1.5,17,6.5,347,29,-0.923879533
1.5,9,6.4,36,29,-0.965925826
1.5,17,6.3,327,29,-0.991444861
1.5,10,6.4,53,29,-1
1.5,9,6.4,46,29,-0.991444861
1.5,10,6.8,43,29,-0.965925826
1.5,10,6.8,30,29,-0.923879533
1.4,10,6.7,47,29,-0.866025404
1.4,9,6.6,44,28.9,-0.79335334
1.5,10,7.1,41,28.9,-0.707106781
1.4,10,6.7,47,28.9,-0.608761429
1.4,9,6.5,51,28.9,-0.5
1.4,8,6.8,41,28.8,-0.382683432
1.3,10,6.6,39,28.8,-0.258819045
1.4,9,6.7,34,28.7,-0.130526192
1.5,10,6.9,31,28.7,1.22E-16
1.5,10,6.8,18,28.7,0.130526192
1.6,9,7,33,28.7,0.258819045
1.5,8,6.7,37,28.7,0.382683432
1.5,9,6.8,35,28.7,0.5
1.5,7,6.7,29,28.8,0.608761429
1.5,9,7,20,28.7,0.707106781
1.4,9,6.8,41,28.7,0.79335334
1.6,10,7,2,28.6,0.866025404
1.5,10,7,52,28.7,0.923879533
1.5,10,7,51,28.7,0.965925826
1.5,7,7.1,26,28.8,0.991444861
1.4,10,6.8,16,28.8,1
1.4,10,6.7,310,28.9,0.991444861
1.4,8,6.7,19,28.9,0.965925826
1.4,10,6.9,35,28.9,0.923879533
1.3,10,6.8,16,28.9,0.866025404
1.5,12,7.4,225,29,0.79335334
1.4,12,7.2,198,29.1,0.707106781
1.3,11,6.6,298,29.1,0.608761429
1.3,13,6.6,220,29.1,0.5
1.3,12,6.5,231,29.1,0.382683432
1.3,9,6.3,28,29.2,0.258819045
1.4,13,6.5,206,29.1,0.130526192
1.3,13,6.4,220,29.1,0
1.3,12,6.2,251,29,-0.130526192
1.2,13,6.2,219,28.9,-0.258819045
1.3,13,6.5,259,28.8,-0.382683432
1.3,11,7.1,8,28.8,-0.5
1.3,13,7.2,179,28.8,-0.608761429
1.2,13,7.2,193,28.6,-0.707106781
1.2,13,7.4,212,28.3,-0.79335334
1.2,13,7.1,201,28,-0.866025404
1.4,13,7.8,210,28.2,-0.923879533
1.2,13,7.3,224,27.7,-0.965925826
1.2,9,7.8,41,27.7,-0.991444861
1.2,13,8.1,212,27.9,-1
1.1,11,7.3,335,28.5,-0.991444861
1.2,13,7.9,271,28.7,-0.965925826
1.2,13,7.8,235,28.7,-0.923879533
1.2,10,7.5,56,28.5,-0.79335334
1.3,13,7.8,241,28.7,-0.707106781
1.2,10,7.4,34,28.7,-0.608761429
1.3,10,7.6,45,28.7,-0.5
1.3,13,7.5,249,28.7,-0.382683432
1.3,13,7.2,255,28.9,-0.258819045
1.3,13,7.3,247,28.9,-0.130526192
1.4,10,7.2,53,28.9,1.22E-16
1.4,13,7.6,283,29,0.130526192
1.4,13,7.3,261,29,0.258819045
1.4,13,7.3,272,29,0.382683432
1.4,10,7.1,36,29,0.5
1.5,13,7.2,256,29,0.608761429
1.4,9,7,55,29,0.707106781
1.5,13,7,301,29,0.79335334
1.5,10,7.2,53,29,0.866025404
1.6,13,7.1,261,29,0.923879533
1.6,8,6.9,31,29,0.965925826
1.6,13,7.2,308,29,0.991444861
1.6,10,7,27,29,1
1.6,13,6.9,281,29,0.991444861
1.5,13,6.6,283,29,0.965925826
1.6,13,6.7,304,29,0.923879533
1.5,9,6.4,38,29.1,0.866025404
1.5,10,6.2,29,29.1,0.79335334
1.6,13,6.6,301,29.1,0.707106781
1.6,13,6.3,272,29.1,0.608761429
1.5,13,6.6,283,29.1,0.5
1.6,13,6.4,304,29,0.382683432
1.5,13,6.3,271,29,0.258819045
1.6,13,6.3,259,29.1,0.130526192
1.5,9,6.1,43,29.1,0
1.6,10,6.3,38,29.1,-0.130526192
1.6,10,5.9,77,29,-0.258819045
1.6,10,5.9,41,29,-0.382683432
1.6,10,6.5,53,29,-0.5
1.6,12,6.8,244,29.1,-0.608761429
1.5,12,6.3,242,29.1,-0.707106781
1.5,13,6.3,266,29.1,-0.79335334
1.5,12,6.4,289,29.1,-0.866025404
1.6,13,6.6,263,29.1,-0.923879533
1.5,13,6.2,314,29.1,-0.965925826
1.5,10,6.1,23,29.1,-0.991444861
1.6,13,6.6,288,29.1,-1
1.5,13,6.4,300,29.1,-0.991444861
1.5,10,6.3,62,29.1,-0.965925826
1.6,13,6.4,270,29,-0.923879533
1.7,12,6.3,275,29,-0.866025404
1.6,11,6,299,29,-0.79335334
1.6,13,6.1,270,29,-0.707106781
1.5,11,6.3,50,29.1,-0.608761429
1.5,10,6.6,33,29.1,-0.5
1.6,13,6.7,250,29.1,-0.382683432
1.6,11,6.7,46,29.1,-0.258819045
1.6,13,6.9,241,29.1,-0.130526192
1.6,13,6.7,268,29.1,1.22E-16
1.6,13,6.6,256,29.1,0.130526192
1.6,13,6.3,279,29.1,0.258819045
1.7,13,6.4,288,29.1,0.382683432
1.6,13,6.4,305,29.2,0.5
1.6,13,6.3,266,29.2,0.608761429
1.6,13,6.2,289,29.2,0.707106781
1.5,13,5.8,279,29.2,0.79335334
1.5,10,6.1,37,29.2,0.866025404
1.6,10,6,47,29.2,0.923879533
1.5,13,5.9,296,29.2,0.965925826
1.5,13,6.2,293,29.1,0.991444861
1.6,13,6.2,293,29.1,1
1.5,10,5.9,28,29.2,0.991444861
1.4,10,5.9,41,29.3,0.965925826
1.6,10,7.2,58,29.3,0.923879533
1.5,10,7.1,52,29.4,0.866025404
1.6,14,7.4,302,29.5,0.79335334
1.5,10,7.2,36,29.5,0.707106781
1.5,10,7.3,27,29.6,0.608761429
1.5,10,7.2,38,29.4,0.5
1.5,13,7.3,315,29.3,0.382683432
1.5,13,7.4,302,29.2,0.258819045
1.5,13,7.8,290,29.2,0.130526192
1.5,10,7.7,31,29.3,0
1.5,13,7.5,290,29.2,-0.130526192
1.6,9,7.6,43,29,-0.258819045
1.6,14,7.2,308,29,-0.382683432
1.8,14,7.5,314,29,-0.5
1.5,13,7.5,312,28.9,-0.608761429
1.5,10,7.8,33,29,-0.707106781
1.7,9,7.9,26,29,-0.79335334
1.7,9,7.8,38,28.9,-0.866025404
1.7,10,7.9,22,29,-0.923879533
1.7,14,7.8,321,29,-0.965925826
1.7,10,7.9,27,29,-0.991444861
1.8,9,8.2,30,28.9,-1
1.7,10,7.9,20,28.9,-0.991444861
1.9,9,8.1,26,29,-0.965925826
1.8,14,8.1,301,29,-0.923879533
1.8,10,8.1,13,29,-0.866025404
1.8,10,8.1,24,29,-0.79335334
1.7,8,8.2,38,29,-0.707106781
1.7,9,8,37,29.1,-0.608761429
1.7,8,8,51,29.1,-0.5
1.7,9,8.2,39,29.1,-0.382683432
1.8,10,8.3,26,29.2,-0.258819045
1.7,9,8.2,38,29.2,-0.130526192
1.7,9,8.2,44,29.2,1.22E-16
1.7,10,8.1,42,29.2,0.130526192
1.7,10,8.3,29,29.2,0.258819045
1.7,14,8.2,295,29.3,0.382683432
1.8,10,8.3,30,29.2,0.5
1.7,10,8,32,29.2,0.608761429
1.7,10,7.9,20,29.2,0.707106781
1.7,10,8.2,33,29.2,0.79335334
1.7,9,7.9,48,29.2,0.866025404
1.6,10,7.6,39,29.3,0.923879533
1.8,9,8,42,29.3,0.965925826
1.7,9,8,59,29.4,0.991444861
1.7,15,8,328,29.4,1
1.8,10,8.1,38,29.4,0.991444861
1.7,15,7.9,318,29.5,0.923879533
1.8,11,7.8,26,29.5,0.866025404
1.6,10,7.6,51,29.4,0.79335334
1.7,15,7.8,310,29.6,0.707106781
1.6,10,7.5,59,29.5,0.608761429
1.6,10,7.6,51,29.5,0.5
1.6,9,7.4,55,29.5,0.382683432
1.6,9,7.2,104,29.4,0.258819045
1.6,10,7.3,66,29.4,0.130526192
1.6,10,7.4,28,29.3,0
1.6,11,7.2,22,29.2,-0.130526192
1.6,15,7.6,309,29.2,-0.258819045
1.5,10,7.6,82,29.1,-0.382683432
1.5,10,7.5,50,29.1,-0.5
1.5,9,7.7,72,29,-0.608761429
1.6,11,7.9,23,29,-0.707106781
1.5,14,7.8,240,29,-0.79335334
1.6,10,8,61,29,-0.866025404
1.6,11,7.6,16,28.9,-0.923879533
1.5,15,7.7,288,28.9,-0.965925826
1.5,11,7.5,37,28.9,-0.991444861
1.6,9,7.5,90,28.9,-1
1.5,15,7.6,282,28.9,-0.991444861
1.5,11,7.3,10,28.9,-0.965925826
1.5,11,7.3,355,28.9,-0.923879533
1.6,9,7.5,75,28.9,-0.866025404
1.5,9,7.5,73,28.9,-0.79335334
1.6,14,7.5,216,28.9,-0.707106781
1.5,8,7.3,117,28.9,-0.608761429
1.5,10,7.6,68,28.9,-0.5
1.5,9,7.3,137,28.9,-0.382683432
1.5,10,7.1,33,28.9,-0.258819045
1.5,10,7.3,81,29,-0.130526192
1.6,10,7.5,31,29,1.22E-16
1.6,9,7.5,78,29,0.130526192
1.4,9,7.1,121,29,0.258819045
1.6,10,7.1,130,29,0.382683432
1.4,10,7.1,35,29,0.5
1.5,9,7.2,85,29,0.608761429
1.6,10,7.2,13,29,0.707106781
1.6,10,7,19,29,0.79335334
1.5,11,6.6,342,29,0.866025404
1.6,10,6.7,357,29,0.923879533
1.5,10,6.4,12,29,0.965925826
1.6,11,6.4,353,29,0.991444861
1.6,8,6.2,60,29,1
1.8,10,6.5,14,29,0.991444861
1.6,11,6,357,29,0.965925826
1.7,10,6.2,13,29,0.923879533
1.7,10,6.2,52,29,0.866025404
1.6,9,6.2,67,29.1,0.79335334
1.8,10,6.6,23,29.1,0.707106781
1.7,12,6.5,350,29.1,0.608761429
1.7,10,6.5,53,29.1,0.5
1.7,11,6.1,344,29.1,0.382683432
1.8,11,6.5,349,29,0.258819045
1.7,8,6.4,77,29.1,0.130526192
1.8,11,6.6,354,29,0
1.7,11,6.2,355,29,-0.130526192
1.8,10,6.3,70,28.9,-0.258819045
1.9,10,6.3,56,28.9,-0.382683432
1.8,11,6.1,8,28.9,-0.5
1.8,11,6.1,350,28.9,-0.608761429
1.9,11,6.2,356,28.8,-0.707106781
1.8,10,6.3,31,28.9,-0.79335334
1.9,11,6.5,349,28.8,-0.866025404
1.9,13,6.5,336,28.8,-0.923879533
1.9,11,6.4,19,28.8,-0.965925826
2,11,6.6,353,28.7,-0.991444861
1.9,11,6.5,350,28.7,-1
1.8,11,6.4,350,28.7,-0.991444861
1.9,12,6.9,337,28.7,-0.965925826
1.8,13,6.6,337,28.8,-0.923879533
1.9,13,6.7,338,28.8,-0.866025404
1.9,13,6.8,331,28.8,-0.79335334
2,12,7,346,28.8,-0.707106781
1.8,13,7,343,28.8,-0.608761429
1.8,13,6.8,342,28.9,-0.5
1.8,12,7.2,340,28.9,-0.382683432
1.8,13,7.2,333,28.9,-0.258819045
1.8,10,7.3,131,28.9,-0.130526192
1.7,10,7,112,28.9,1.22E-16
1.8,13,7.5,336,28.9,0.130526192
1.8,13,7.8,336,28.9,0.258819045
1.5,12,7.4,344,29,0.382683432
1.7,13,7.9,325,29,0.5
1.6,13,7.9,311,29,0.608761429
1.6,13,7.9,323,29,0.707106781
1.6,13,8,346,28.9,0.79335334
1.7,13,8,336,29,0.866025404
1.6,11,7.6,120,29,0.923879533
1.5,13,7.3,327,29,0.965925826
1.6,13,7.5,333,29,0.991444861
1.6,12,7.2,339,29,1
1.6,13,7.5,315,29,0.991444861
1.7,13,7.9,333,29.1,0.965925826
1.7,13,7.8,334,29.1,0.923879533
1.5,13,7.2,317,29.1,0.866025404
1.6,13,7.5,320,29.1,0.79335334
1.6,13,7.6,317,29.1,0.707106781
1.6,13,7.2,319,29.1,0.608761429
1.6,13,7.3,338,29.1,0.5
1.5,13,7.1,322,29,0.382683432
1.6,13,7.4,316,29,0.258819045
1.4,14,6.9,318,29,0.130526192
1.5,13,7.2,324,29,0
1.5,14,7,336,29,-0.130526192
1.6,13,7.3,328,29,-0.258819045
1.6,14,7.1,332,28.9,-0.382683432
1.5,13,7.3,318,28.9,-0.5
1.6,14,7.7,334,28.8,-0.608761429
1.5,13,6.9,321,28.7,-0.707106781
1.6,14,7.3,331,28.8,-0.79335334
1.7,13,7.5,272,28.8,-0.866025404
1.6,13,7.2,315,28.8,-0.923879533
1.6,13,7,315,28.8,-0.965925826
1.6,13,7.1,299,28.7,-0.991444861
1.5,13,6.8,275,28.7,-1
1.5,10,6.6,146,28.7,-0.991444861
1.5,13,6.4,285,28.7,-0.965925826
1.5,14,6.7,296,28.7,-0.923879533
1.6,13,7.2,242,28.7,-0.866025404
1.5,10,6.8,140,28.7,-0.79335334
1.6,14,7.5,253,28.7,-0.707106781
1.6,13,8,293,28.7,-0.608761429
1.4,10,7.2,140,28.7,-0.5
1.6,13,7.5,294,28.7,-0.382683432
1.6,14,7.6,260,28.7,-0.258819045
1.6,8,7.6,109,28.7,-0.130526192
1.7,10,7.7,142,28.7,1.22E-16
1.6,10,7.6,139,28.7,0.130526192
1.6,10,7.5,152,28.7,0.258819045
1.6,10,7.4,145,28.7,0.382683432
1.5,9,7.3,145,28.8,0.5
1.6,10,7.2,149,28.8,0.608761429
1.6,10,7.2,146,28.8,0.707106781
1.6,10,6.8,149,28.8,0.79335334
1.5,9,6.7,139,28.8,0.866025404
1.5,9,6.4,140,28.7,0.923879533
1.6,10,6.5,149,28.7,0.965925826
1.7,9,6.4,121,28.7,0.991444861
1.7,8,6.1,105,28.7,1
1.8,10,6.1,137,28.7,0.991444861
1.8,10,6.2,137,28.7,0.965925826
1.8,10,5.6,145,28.8,0.923879533
1.8,11,5.8,141,28.8,0.866025404
1.8,10,6.5,138,28.8,0.79335334
1.7,10,6.5,147,28.8,0.707106781
1.7,10,6.5,126,28.8,0.608761429
1.7,11,6.3,144,28.8,0.5
1.7,11,6.2,143,28.8,0.382683432
1.7,7,6,58,28.8,0.258819045
1.7,9,6.4,143,28.9,0.130526192
1.7,10,6.7,122,28.9,0
1.5,9,6.8,129,28.9,-0.130526192
1.6,10,7.1,152,29,-0.258819045
1.6,9,6.7,111,29,-0.382683432
1.6,10,6.9,139,28.9,-0.5
1.7,9,7.1,126,28.8,-0.608761429
1.7,10,6.9,136,28.7,-0.707106781
1.8,10,7.1,130,28.6,-0.79335334
1.7,10,6.8,138,28.8,-0.866025404
1.7,10,6.7,145,28.8,-0.923879533
1.6,10,6.3,141,28.7,-0.965925826
1.7,11,6.6,148,28.7,-0.991444861
1.8,8,6.5,64,28.7,-1
1.9,11,6.7,141,28.7,-0.991444861
1.8,8,6.4,58,28.7,-0.965925826
1.9,11,6.2,140,28.7,-0.923879533
1.8,7,6.2,53,28.6,-0.866025404
2,8,6.7,54,28.7,-0.79335334
1.9,8,6.5,52,28.7,-0.707106781
1.8,11,6.7,143,28.7,-0.608761429
1.8,8,6.7,76,28.7,-0.5
1.6,8,6.9,74,28.7,-0.382683432
1.7,9,7.1,104,28.7,-0.258819045
1.7,11,7,139,28.6,-0.130526192
1.6,11,6.7,132,28.6,1.22E-16
1.7,10,7.1,123,28.6,0.130526192
1.6,11,7,140,28.7,0.258819045
1.7,10,7.2,116,28.7,0.382683432
1.6,11,7.2,139,28.7,0.5
1.7,10,7.2,116,28.8,0.608761429
1.7,10,6.9,127,28.8,0.707106781
1.6,10,6.4,133,28.7,0.79335334
1.7,11,6.4,129,28.9,0.866025404
1.7,11,7.1,135,28.9,0.923879533
1.6,9,7.2,119,28.9,0.965925826
1.6,10,7.1,120,28.9,0.991444861
1.7,11,7.2,125,28.9,1
1.7,11,7.2,137,29,0.991444861
1.6,11,7.1,123,29,0.965925826
1.6,11,7.1,126,29,0.923879533
1.6,11,7.2,121,29,0.866025404
1.7,10,7.4,130,29.1,0.79335334
1.7,11,7.3,125,29.1,0.707106781
1.6,11,7.2,135,29.1,0.608761429
1.7,10,7.3,140,29.1,0.5
1.6,11,7.3,141,29,0.382683432
1.7,9,7.4,101,29,0.258819045
1.7,11,7.4,148,28.9,0.130526192
1.6,11,7.1,153,28.9,0
1.8,11,7.6,140,28.9,-0.130526192
1.6,11,7.2,146,28.9,-0.258819045
1.8,9,7.2,137,28.9,-0.382683432
1.8,11,7.5,147,28.8,-0.5
1.6,11,7.2,152,28.8,-0.608761429
1.6,11,7.1,139,28.8,-0.707106781
1.7,10,7,139,28.8,-0.79335334
1.7,10,7.1,147,28.8,-0.866025404
1.8,10,7.5,148,28.8,-0.923879533
1.9,11,7.5,146,28.8,-0.965925826
1.5,11,7,156,28.8,-0.991444861
1.6,10,7.1,118,28.8,-1
1.6,11,7.4,142,28.8,-0.991444861
1.5,10,7.2,112,28.8,-0.965925826
1.5,11,7.2,110,28.8,-0.923879533
1.6,11,7.5,137,28.8,-0.866025404
1.7,11,7.6,98,28.8,-0.79335334
1.6,11,7.3,121,28.8,-0.707106781
1.6,10,7.4,105,28.7,-0.608761429
1.6,11,7.2,123,28.7,-0.5
1.5,11,7.1,132,28.7,-0.382683432
1.6,11,7.5,135,28.7,-0.258819045
1.7,11,7.7,105,28.7,-0.130526192
1.6,10,7.5,135,28.7,1.22E-16
1.6,11,7.4,133,28.7,0.130526192
1.6,11,7.4,129,28.7,0.258819045
1.6,10,7.1,133,28.7,0.382683432
1.7,10,7.1,113,28.8,0.5
1.8,10,7.6,136,28.8,0.608761429
1.8,10,7.3,130,28.8,0.707106781
1.7,10,7.2,141,28.8,0.79335334
1.8,11,7.4,143,28.8,0.866025404
1.7,10,7.2,141,28.9,0.923879533
1.7,10,7.2,133,28.9,0.965925826
1.7,11,7.1,134,28.9,0.991444861
1.6,10,6.9,146,28.9,1
1.7,10,6.9,137,28.9,0.991444861
1.7,10,6.8,144,28.9,0.965925826
1.7,11,6.6,143,28.8,0.923879533
1.8,11,6.7,150,28.8,0.866025404
1.8,11,7,138,28.8,0.79335334
1.8,10,7.2,143,28.8,0.707106781
1.7,10,6.8,147,28.8,0.608761429
1.8,10,6.7,147,28.9,0.5
1.8,11,6.5,142,28.9,0.382683432
1.9,11,6.5,133,28.9,0.258819045
1.9,11,6.6,139,28.8,0.130526192
1.8,10,6.5,142,28.8,0
1.8,10,6.6,138,28.8,-0.130526192
1.8,11,7,142,28.8,-0.258819045
1.8,11,6.8,122,28.8,-0.382683432
2,11,7,138,28.8,-0.5
2,11,7.2,126,28.8,-0.608761429
1.8,11,6.9,134,28.8,-0.707106781
1.8,10,7,147,28.9,-0.79335334
1.8,10,7.2,147,28.9,-0.866025404
1.8,11,7.5,154,28.9,-0.923879533
1.8,11,7.8,144,28.9,-0.965925826
1.8,11,8,136,28.9,-0.991444861
1.8,10,8,144,28.9,-1
1.6,11,7.4,146,28.9,-0.991444861
1.7,10,7.2,139,28.9,-0.965925826
1.7,11,7,115,28.7,-0.923879533
1.8,10,7.3,151,28.7,-0.866025404
1.6,11,6.9,128,28.7,-0.79335334
1.6,10,7,139,28.7,-0.707106781
1.6,10,7.2,121,28.7,-0.608761429
1.6,11,7.5,132,28.7,-0.5
1.7,10,7.5,122,28.7,-0.382683432
1.6,9,7.3,122,28.7,-0.258819045
1.6,10,7.4,140,28.8,-0.130526192
1.7,10,7.3,139,28.8,1.22E-16
1.6,11,7.2,48,28.8,0.130526192
1.7,11,7.3,134,28.9,0.258819045
1.8,11,7.5,152,28.9,0.382683432
1.9,10,7.6,146,28.9,0.5
1.7,11,7.4,135,29,0.608761429
1.8,11,7.6,126,28.9,0.707106781
1.6,10,7.4,141,28.9,0.79335334
1.8,11,7.6,136,28.9,0.866025404
1.8,10,7.3,107,28.9,0.923879533
1.6,11,7.6,129,28.9,0.965925826
1.8,11,7.7,130,28.9,0.991444861
1.7,11,7.5,136,28.9,1
1.7,10,7.4,120,28.9,0.991444861
1.7,11,7.6,140,29,0.965925826
1.8,10,7.8,145,29,0.923879533
1.9,11,8.1,118,29,0.866025404
1.8,11,7.6,122,29,0.79335334
1.6,10,7.7,124,29.1,0.707106781
1.7,11,7.7,115,29.1,0.608761429
1.7,10,7.7,119,29.1,0.5
1.7,11,7.7,136,29.1,0.382683432
1.9,11,8.2,138,29.1,0.258819045
1.9,11,8.3,136,29.1,0.130526192
1.9,11,8.3,120,29.1,0
1.7,10,8.2,127,29,-0.130526192
1.6,11,7.9,138,29,-0.258819045
1.8,10,8.2,115,29.1,-0.382683432
1.7,11,8.6,138,29.1,-0.5
1.9,10,8.6,140,28.9,-0.608761429
1.7,11,8.5,134,28.9,-0.707106781
1.6,11,8.3,147,28.9,-0.79335334
1.7,11,8.4,151,28.8,-0.866025404
1.7,11,8.6,132,28.8,-0.923879533
1.7,10,8.4,126,28.8,-0.965925826
1.7,11,8.4,134,28.8,-0.991444861
1.7,10,8.3,138,28.8,-1
1.7,11,8.6,136,28.7,-0.991444861
1.6,11,8.5,149,28.8,-0.965925826
1.6,11,8.4,111,28.7,-0.923879533
1.7,11,8.1,120,28.8,-0.866025404
1.5,11,8,128,28.7,-0.79335334
1.7,10,8.2,115,28.7,-0.707106781
1.7,11,8.2,106,28.8,-0.608761429
1.6,10,7.6,138,28.8,-0.5
1.8,11,8,129,28.8,-0.382683432
1.6,10,7.5,122,28.8,-0.258819045
1.7,11,7.5,69,28.8,-0.130526192
1.8,10,7.8,124,28.8,1.22E-16
1.6,10,7.4,95,28.8,0.130526192
1.7,10,7.7,125,28.8,0.258819045
1.7,10,7.5,117,28.8,0.382683432
1.7,10,7.5,129,28.8,0.5
1.7,10,7.8,139,28.8,0.608761429
1.8,11,8,150,28.8,0.707106781
1.8,11,8,165,28.8,0.79335334
1.8,10,8,115,28.8,0.866025404
1.8,10,8,103,28.9,0.923879533
1.8,11,8.2,103,28.9,0.965925826
1.8,11,8.3,138,28.9,0.991444861
1.9,12,8.3,171,28.9,1
1.8,11,8.2,98,28.9,0.991444861
1.9,12,8.3,167,28.9,0.965925826
1.8,11,8.2,144,29,0.923879533
1.6,11,7.7,155,29,0.866025404
1.8,10,7.9,92,29,0.79335334
1.7,11,7.7,116,29.1,0.707106781
1.7,11,8.1,127,29.6,0.608761429
1.8,11,8.2,103,29.4,0.5
1.8,11,8,84,29.4,0.382683432
1.9,11,7.9,122,29.1,0.258819045
1.8,10,8,104,28.9,0.130526192
1.8,11,7.8,69,28.8,0
1.7,11,7.7,85,28.8,-0.130526192
1.8,11,7.7,138,28.7,-0.258819045
1.8,10,7.6,121,28.7,-0.382683432
1.7,11,7.8,133,28.7,-0.5
1.8,11,7.9,126,28.7,-0.608761429
1.8,11,7.8,151,28.7,-0.707106781
1.7,11,7.4,121,28.7,-0.79335334
1.7,11,7.5,83,28.7,-0.866025404
1.7,11,7.2,69,28.7,-0.923879533
1.7,11,7.6,135,28.7,-0.965925826
1.7,10,7.8,153,28.7,-0.991444861
1.6,11,7.3,129,28.7,-1
1.8,11,8.1,91,28.7,-0.991444861
1.8,12,8,141,28.7,-0.965925826
1.9,11,8.3,139,28.7,-0.923879533
1.9,11,8.2,133,28.6,-0.866025404
1.7,11,8.1,131,28.7,-0.79335334
1.8,11,8.3,103,28.7,-0.707106781
1.7,11,8.2,134,28.6,-0.608761429
1.7,10,8.1,108,28.7,-0.5
1.7,10,8,86,28.7,-0.382683432
1.6,11,7.9,136,28.7,-0.258819045
1.8,12,8.4,115,28.7,-0.130526192
1.7,11,8.2,41,28.7,1.22E-16
1.6,10,7.7,104,28.7,0.130526192
1.7,11,8,107,28.7,0.258819045
1.7,11,8,131,28.7,0.382683432
1.8,11,8.3,84,28.7,0.5
1.9,12,8.3,105,28.7,0.608761429
1.9,11,8.2,121,28.7,0.707106781
1.9,11,8.3,132,28.6,0.79335334
2,12,8.5,158,28.6,0.866025404
1.9,11,8.2,149,28.7,0.923879533
1.9,12,8.2,109,28.7,0.965925826
1.8,11,8,94,28.7,0.991444861
1.8,11,8.1,137,28.6,1
1.8,11,8.3,115,28.5,0.991444861
1.8,11,8.1,97,28.6,0.965925826
1.7,11,7.7,120,28.6,0.923879533
1.7,11,7.8,120,28.6,0.866025404
1.8,12,7.8,85,28.6,0.79335334
1.7,13,7.4,133,28.6,0.707106781
1.7,12,7.3,95,28.6,0.608761429
1.8,12,7.2,27,28.7,0.5
1.7,12,7.7,102,28.2,0.258819045
1.8,12,8,72,28.2,0.130526192
1.7,12,8.1,59,28.3,0
1.7,11,7.8,56,28.4,-0.130526192
1.8,12,7.8,31,28.5,-0.258819045
1.8,12,7.7,22,28.6,-0.382683432
1.7,11,7.6,136,28.7,-0.5
1.8,10,7.5,47,28.8,-0.608761429
1.8,11,7.7,105,28.8,-0.707106781
1.8,11,7.7,167,28.8,-0.79335334
1.7,11,7.7,136,28.8,-0.866025404
1.8,13,7.7,322,28.7,-0.923879533
1.8,11,7.6,91,28.7,-0.965925826
1.8,12,7.5,163,28.7,-0.991444861
1.9,12,7.7,151,28.7,-1
1.8,11,7.2,112,28.7,-0.991444861
2.1,11,7.7,150,28.7,-0.965925826
2,12,7.4,136,28.7,-0.923879533
2,12,7.3,159,28.7,-0.866025404
2,12,7.1,138,28.7,-0.79335334
2,12,7.3,165,28.7,-0.707106781
2,8,7.3,195,28.7,-0.608761429
2,11,7.4,156,28.7,-0.5
2,11,7.9,116,28.7,-0.382683432
2.1,10,7.7,87,28.7,-0.258819045
2.1,12,7.9,128,28.7,-0.130526192
2.2,11,7.9,140,28.8,1.22E-16
2.1,9,8,225,28.8,0.130526192
2.2,11,7.9,155,28.9,0.258819045
2.1,9,7.8,235,28.9,0.382683432
2.1,12,7.3,114,28.9,0.5
2,10,7,258,28.9,0.608761429
2.1,12,7.3,145,28.9,0.707106781
2,12,7,179,28.9,0.79335334
2,11,7.1,205,28.9,0.866025404
2,13,7.2,67,28.9,0.923879533
2,12,6.9,168,28.9,0.965925826
2,12,7,145,29,0.991444861
2,13,6.7,156,29,1
2,13,6.7,358,29,0.991444861
2.2,12,6.9,140,29,0.965925826
2.1,13,6.7,357,29,0.923879533
2.1,11,6.3,137,29,0.866025404
2.1,12,6.3,175,29,0.79335334
2.2,13,6.2,348,29,0.707106781
2,13,6.2,11,29,0.608761429
1.9,12,6.2,301,29,0.5
1.9,12,6.3,70,29.1,0.382683432
1.8,12,6.2,277,29,0.258819045
1.7,13,6.3,311,29.1,0.130526192
1.6,12,7.6,326,29.1,0
1.6,12,7.5,298,29.1,-0.130526192
1.6,13,7.4,314,29.1,-0.258819045
1.7,13,7.9,343,29.1,-0.382683432
1.7,13,7.4,334,29.1,-0.5
1.6,12,7.7,260,29.1,-0.608761429
1.5,13,7.4,343,29.1,-0.707106781
1.5,13,7.7,328,29.1,-0.79335334
1.5,13,7.6,340,29.1,-0.866025404
1.5,13,7.5,339,29.1,-0.923879533
1.5,14,7.5,344,29.1,-0.965925826
1.5,14,7.4,358,29.1,-0.991444861
1.5,14,7.1,343,29.1,-1
1.5,14,7.5,336,29.1,-0.991444861
1.6,14,7.9,317,29.1,-0.965925826
1.6,14,8.1,339,29.1,-0.923879533
1.6,13,8.1,24,29.1,-0.866025404
1.6,14,8.1,339,29.1,-0.79335334
1.6,14,7.7,348,29.1,-0.707106781
1.8,14,8.4,342,29.1,-0.608761429
1.7,14,8.4,327,29.1,-0.5
1.6,13,7.9,348,29.2,-0.382683432
1.8,14,7.8,349,29.2,-0.258819045
1.6,14,7.2,349,29.2,-0.130526192
1.8,14,7.6,342,29.2,1.22E-16
1.8,13,7.8,349,29.2,0.130526192
1.7,14,8.2,342,29.2,0.258819045
1.6,13,8.2,353,29.2,0.382683432
1.6,14,7.9,346,29.2,0.5
1.6,13,7.9,353,29.2,0.608761429
1.6,13,7.4,345,29.2,0.707106781
1.7,13,7.5,347,29.3,0.79335334
1.5,14,7.5,347,29.3,0.866025404
1.5,14,8.5,341,29.2,0.923879533
1.5,14,8.3,338,29.2,0.965925826
1.5,13,7.9,352,29.4,0.991444861
1.5,14,7.8,344,29.4,1
1.5,14,7.9,339,29.4,0.991444861
1.5,13,7.6,360,29.4,0.965925826
1.5,13,8.3,343,29.4,0.923879533
1.6,14,8.2,351,29.5,0.866025404
1.5,14,7.7,353,29.5,0.79335334
1.6,13,7.5,356,29.4,0.707106781
1.5,13,7.3,347,29.1,0.608761429
1.5,13,7,343,29,0.5
1.6,13,7.5,348,29.1,0.382683432
1.6,14,7.8,332,29.2,0.258819045
1.5,14,7.7,334,29.2,0.130526192
1.5,14,7.9,344,29.1,0
1.5,14,8.3,342,29.3,-0.258819045
1.6,13,9,339,29.3,-0.382683432
1.5,14,9.6,346,29.4,-0.5
1.4,14,8.4,352,29.3,-0.608761429
1.5,14,8.3,342,29.2,-0.707106781
1.6,14,9.2,353,29.2,-0.79335334
1.5,15,8.6,331,29.2,-0.866025404
1.4,14,8.3,340,29.1,-0.923879533
1.4,14,8.5,332,29.1,-0.965925826
1.4,15,8.8,339,29.1,-0.991444861
1.3,15,8.5,345,29.1,-1
1.3,14,8.8,357,29.1,-0.991444861
1.3,15,8.7,335,29.1,-0.965925826
1.3,15,9.2,341,29.1,-0.923879533
1.2,15,9.2,335,29.1,-0.866025404
1.3,15,8.9,343,29,-0.79335334
1.4,15,9.7,335,29,-0.707106781
1.3,15,9.5,353,29,-0.608761429
1.3,15,9.6,337,29,-0.5
1.3,15,9.1,345,29,-0.382683432
1.5,15,10.1,351,29,-0.258819045
1.3,15,8.8,351,29,-0.130526192
1.3,15,9,330,29,1.22E-16
1.4,15,9.3,335,29,0.130526192
1.5,15,9.7,338,29,0.258819045
1.4,15,9.6,339,29,0.382683432
1.5,15,9.8,339,29.1,0.5
1.4,15,9.5,331,29.1,0.608761429
1.3,15,9.1,335,29.1,0.707106781
1.4,15,9.7,337,29.2,0.79335334
1.3,15,8.8,1,29.2,0.866025404
1.4,15,8.8,336,29.3,0.923879533
1.4,15,8.9,335,29.3,0.965925826
1.3,15,8.9,351,29.3,0.991444861
1.4,15,8.6,338,29.3,1
1.3,15,8.6,338,29.3,0.991444861
1.2,15,8.2,348,29.4,0.965925826
1.4,15,9.5,336,29.5,0.923879533
1.3,15,9.4,345,29.7,0.866025404
1.2,15,9.4,345,29.7,0.79335334
1.3,17,9.5,333,30,0.707106781
1.4,15,10.4,353,30.1,0.608761429
1.4,15,10.6,347,30.1,0.5
1.2,11,9.1,259,29.8,0.382683432
1.3,17,10,334,29.6,0.258819045
1.4,17,10.8,334,28.8,0.130526192
1.3,15,9.8,350,28.8,0
1.3,17,10.4,337,29.2,-0.130526192
1.3,17,9.9,336,29.2,-0.258819045
1.3,17,10.4,333,29.1,-0.382683432
1.3,17,9.4,338,29.1,-0.5
1.3,17,9.9,336,29.2,-0.608761429
1.3,17,10.2,331,29.1,-0.707106781
1.3,17,10.6,332,29.1,-0.79335334
1.4,12,10.6,284,29.1,-0.866025404
1.2,17,10.3,333,29.1,-0.923879533
1.1,11,9.5,255,29,-0.965925826
1.2,12,10.2,298,29,-0.991444861
1.2,11,9.6,271,29,-1
1.3,17,10,323,29,-0.991444861
1.1,17,9.5,340,29,-0.965925826
1.2,12,9.5,242,29,-0.923879533
1.1,12,9.1,228,29,-0.866025404
1.2,13,9.6,220,29,-0.79335334
1.2,13,9.4,219,29,-0.707106781
1.2,13,9.4,217,29,-0.608761429
1.2,12,9.3,281,29,-0.5
1.1,12,8.9,245,28.9,-0.382683432
1.2,13,8.8,213,28.9,-0.258819045
1.2,13,8.7,219,29,-0.130526192
1.3,13,9,235,29,1.22E-16
1.3,13,8.9,256,29,0.130526192
1.3,13,9.1,214,29,0.258819045
1.2,12,8.5,308,29,0.382683432
1.3,12,8.6,315,29,0.5
1.3,13,9.1,218,29,0.608761429
1.1,13,8.4,221,29,0.707106781
1.1,13,8.2,221,29.1,0.79335334
1.2,13,8.7,221,29.1,0.866025404
1.2,13,8.7,212,29.1,0.923879533
1.2,13,8.7,212,29.1,0.965925826
1.2,13,8.5,237,29.2,0.991444861
1.1,13,8.1,245,29.2,1
1.1,13,8.1,213,29.2,0.991444861
1.2,13,8.4,222,29.3,0.965925826
1.2,13,7.8,213,29.3,0.923879533
1.1,13,7.1,210,29.3,0.866025404
1.1,13,7.1,213,29.3,0.79335334
1.3,13,7.8,212,29.3,0.707106781
1.2,13,6.8,216,29.3,0.608761429
1.1,13,6.3,206,29.2,0.5
1.2,13,6.4,255,29.2,0.382683432
1.1,13,5.8,206,29.2,0.258819045
1.1,13,5.9,209,29.1,0.130526192
1.3,13,6.6,212,29.1,0
1.3,14,6.4,206,29.1,-0.130526192
1.2,13,6.5,212,29.1,-0.258819045
1.2,13,6.4,212,29,-0.382683432
1.1,13,5.8,267,29.1,-0.5
1.1,13,6.1,203,29.1,-0.608761429
1.2,13,7.1,213,29,-0.707106781
1.1,13,7.1,239,29,-0.79335334
1.1,13,7.3,220,29,-0.866025404
1.1,13,7.2,223,28.9,-0.923879533
1.1,13,7.6,209,28.9,-0.965925826
1.1,13,7.5,206,28.9,-0.991444861
1,13,7.4,217,28.9,-1
1,13,7.4,208,28.8,-0.991444861
1.1,13,7.4,200,28.8,-0.965925826
1,12,7.3,248,28.9,-0.923879533
1.1,13,7.3,210,28.9,-0.866025404
1.1,13,7.7,203,28.9,-0.79335334
1.1,13,7.3,196,28.9,-0.707106781
1.1,13,7.9,231,28.9,-0.608761429
1,13,7.5,221,28.9,-0.5
1.1,13,7.5,223,28.9,-0.382683432
1.1,13,7.5,213,29,-0.258819045
1.1,13,7.5,209,29,-0.130526192
1.2,13,7.9,209,29,0.130526192
1.1,13,7.6,222,29,0.258819045
1.2,13,7.9,220,29,0.382683432
1.2,13,7.8,219,29,0.5
1.1,14,7.8,227,29,0.608761429
1.2,13,8,246,29,0.707106781
1.1,14,8.1,213,29,0.79335334
1.2,14,8.4,221,29,0.866025404
1.1,13,8.1,230,29,0.923879533
1.1,13,8.3,210,29.1,0.965925826
1.2,13,8.5,203,29,0.991444861
1.2,13,8.4,204,29.1,1
1.2,14,8.4,211,29.1,0.991444861
1.2,13,8,217,29.2,0.965925826
1.1,13,7.7,207,29.3,0.923879533
1.2,13,7.6,204,29.2,0.866025404
1.2,13,7.2,200,29.3,0.79335334
1.3,13,7.7,205,29.3,0.707106781
1.2,13,7.4,212,29.3,0.608761429
1.2,11,7.6,187,29.4,0.5
1.2,13,7.7,204,29.4,0.382683432
1.2,13,7.4,184,29.4,0.258819045
1.2,13,7.3,199,29.1,0.130526192
1.3,14,7.1,224,29,0
1.2,11,6.8,189,29,-0.130526192
1.3,14,6.6,218,29,-0.258819045
1.3,13,6.7,206,28.9,-0.382683432
1.3,14,6.5,205,28.9,-0.5
1.2,14,6.7,211,28.9,-0.608761429
1.3,13,6.8,205,28.9,-0.707106781
1.2,14,6.5,215,28.8,-0.79335334
1.3,14,6.6,219,28.8,-0.866025404
1.3,14,6.4,221,28.8,-0.923879533
1.3,14,6.2,213,28.8,-0.965925826
1.4,11,6.5,177,28.8,-0.991444861
1.3,13,6.2,216,28.8,-1
1.2,13,5.9,212,28.8,-0.991444861
1.3,11,6.2,276,28.8,-0.965925826
1.3,9,6.1,98,28.8,-0.923879533
1.3,13,6.2,208,28.9,-0.866025404
1.4,14,6.5,206,28.9,-0.79335334
1.3,11,6.4,202,28.9,-0.707106781
1.4,12,6.7,209,28.9,-0.608761429
1.4,13,6.7,204,28.9,-0.5
1.3,12,6.9,210,28.9,-0.382683432
1.3,14,6.7,211,28.9,-0.258819045
1.3,14,6.9,214,29,-0.130526192
1.2,12,7.1,202,28.9,1.22E-16
1.3,13,7.5,205,29,0.130526192
1.2,13,7.4,199,28.9,0.258819045
1.2,13,7.1,193,29,0.382683432
1.3,13,7.7,214,29,0.5
1.2,9,7.7,96,28.9,0.608761429
1.2,9,7.5,66,29,0.707106781
1.3,11,7.8,185,29,0.866025404
1.1,14,7.9,212,28.9,0.923879533
1.3,12,8.1,204,29,0.965925826
1.2,10,8,149,29,0.991444861
1.3,12,7.9,191,29,1
1.2,13,7.4,198,29,0.991444861
1.3,11,7.9,198,29.1,0.965925826
1.3,13,7.4,210,29.1,0.923879533
1.3,13,6.9,216,29.1,0.866025404
1.3,9,6.8,47,29.1,0.79335334
1.3,10,6.9,166,29.1,0.707106781
1.3,12,6.8,202,29.2,0.608761429
1.3,11,6.5,172,29.1,0.5
1.3,12,6.7,245,29.1,0.382683432
1.4,11,7.7,174,29.1,0.258819045
1.3,11,7.6,190,29.2,0.130526192
1.3,12,7.6,186,29.3,0
1.3,11,7.3,180,29.3,-0.130526192
1.3,12,7.5,249,29.3,-0.258819045
1.3,9,7.8,107,29.5,-0.382683432
1.4,9,8.5,80,30.5,-0.5
1.3,10,8.2,114,30.1,-0.608761429
1.3,13,8,205,29.5,-0.707106781
1.2,12,8,210,29.2,-0.79335334
1.3,11,8.1,183,29,-0.866025404
1.3,12,8.4,261,28.9,-0.923879533
1.2,10,7.8,356,28.9,-0.965925826
1.2,10,8.1,180,28.9,-0.991444861
1.3,10,8.2,136,28.9,-1
1.3,9,8.1,42,28.9,-0.991444861
1.3,12,8.1,302,28.9,-0.965925826
1.2,11,7.7,157,28.9,-0.923879533
1.4,11,7.7,188,28.9,-0.866025404
1.3,9,7.4,78,28.9,-0.79335334
1.4,12,7.6,202,28.9,-0.707106781
1.4,9,7.5,83,28.9,-0.608761429
1.4,11,7.5,178,28.9,-0.5
1.4,11,7.3,180,28.9,-0.382683432
1.4,10,7.3,119,28.9,-0.258819045
1.5,11,7.4,171,28.9,-0.130526192
1.5,11,7.2,167,28.9,1.22E-16
1.3,10,7,99,28.9,0.130526192
1.5,9,7.3,58,28.9,0.258819045
1.5,10,7.4,91,28.9,0.382683432
1.4,9,7.1,64,28.9,0.5
1.4,12,7,175,28.9,0.608761429
1.4,11,6.9,195,28.9,0.707106781
1.5,11,7.1,182,28.9,0.79335334
1.4,8,6.9,92,28.9,0.866025404
1.5,11,7,180,28.9,0.923879533
1.4,11,6.8,185,29,0.965925826
1.6,12,7.2,182,29,0.991444861
1.5,12,6.8,192,29,1
1.4,10,6.7,138,29,0.991444861
1.5,12,7.1,188,29,0.965925826
1.5,12,7.3,177,29,0.923879533
1.4,11,6.9,165,29.1,0.866025404
1.4,11,6.8,178,29.2,0.79335334
1.5,11,7.5,174,29.3,0.707106781
1.4,12,7.4,174,29.3,0.608761429
1.5,10,7.7,176,29.3,0.5
1.5,11,8,168,29.4,0.382683432
1.5,11,8.1,167,29.4,0.258819045
1.6,11,8.4,171,29.4,0.130526192
1.5,10,7.8,161,29.3,0
1.3,11,7,179,29.1,-0.130526192
1.4,11,7.7,167,29,-0.258819045
1.4,11,7.3,175,29,-0.382683432
1.5,11,7.6,179,29,-0.5
1.6,11,7.7,165,28.9,-0.608761429
1.5,11,7.7,171,28.9,-0.707106781
1.5,9,7.9,58,28.9,-0.79335334
1.4,11,7.8,184,28.8,-0.866025404
1.4,11,8.1,182,28.8,-0.923879533
1.4,10,7.8,77,28.7,-0.965925826
1.4,11,7.7,156,28.7,-0.991444861
1.6,9,8.2,78,28.7,-1
1.4,9,7.8,41,28.7,-0.991444861
1.4,11,7.8,161,28.7,-0.965925826
1.4,10,7.5,63,28.7,-0.923879533
1.5,12,7.8,185,28.7,-0.866025404
1.4,12,7.7,186,28.6,-0.79335334
1.6,10,7.8,61,28.7,-0.707106781
1.5,10,7.8,56,28.7,-0.608761429
1.6,10,7.8,47,28.7,-0.5
1.6,10,7.8,132,28.7,-0.382683432
1.7,10,8,87,28.7,-0.258819045
1.6,10,7.7,36,28.6,-0.130526192
1.6,12,7.8,171,28.6,1.22E-16
1.7,12,7.9,171,28.7,0.130526192
1.6,12,7.4,182,28.6,0.258819045
1.6,12,7.3,170,28.7,0.382683432
1.5,11,6.9,181,28.6,0.5
1.6,13,7.3,186,28.7,0.608761429
1.7,11,7.4,172,28.7,0.707106781
1.6,12,7,175,28.6,0.79335334
1.8,13,7,175,28.6,0.866025404
1.7,11,6.8,30,28.6,0.923879533
1.7,11,7,88,28.7,0.965925826
1.8,13,7,193,28.7,0.991444861
1.7,12,6.9,180,28.7,1
1.7,10,6.6,13,28.7,0.991444861
1.8,11,6.8,113,28.7,0.965925826
1.8,13,6.6,189,28.7,0.923879533
1.8,13,6.4,185,28.7,0.866025404
1.9,11,6.9,243,28.7,0.79335334
2,13,7,187,28.6,0.707106781
2.1,12,6.9,178,28.6,0.608761429
2,7,6.7,171,28.7,0.5
2.1,7,6.7,168,28.7,0.382683432
2.3,12,6.7,173,28.7,0.258819045
2.3,7,6.3,165,28.7,0.130526192
2.4,13,6.4,187,28.7,0
2.5,7,6.2,166,28.7,-0.130526192
2.4,12,6.4,155,28.7,-0.258819045
2.2,7,6.4,180,28.7,-0.382683432
2.2,7,6.7,181,28.8,-0.5
2.3,7,6.7,194,28.8,-0.608761429
2.3,7,6.7,189,28.8,-0.707106781
2.3,7,6.8,192,28.8,-0.79335334
2.3,7,6.7,190,28.8,-0.866025404
2.3,7,6.7,194,28.8,-0.923879533
2.2,13,6.6,195,28.8,-0.965925826
2.4,7,6.5,187,28.8,-0.991444861
2.2,6,6.3,189,28.8,-1
2.2,6,6.2,190,28.8,-0.991444861
2.1,13,6.4,183,28.8,-0.965925826
1.9,13,6.6,190,28.8,-0.923879533
1.9,13,7.2,197,28.8,-0.866025404
1.7,13,6.8,190,28.8,-0.79335334
1.8,10,7.4,49,28.8,-0.707106781
1.8,13,7.7,197,28.8,-0.608761429
1.7,13,7.5,177,28.8,-0.5
1.9,12,8.1,162,28.9,-0.382683432
1.8,13,8,186,28.8,-0.258819045
1.8,11,8.4,336,28.9,-0.130526192
1.7,13,8.1,187,28.9,1.22E-16
1.8,9,8.4,51,28.9,0.130526192
1.8,13,8.8,184,28.9,0.382683432
1.7,13,9,179,28.9,0.5
1.7,13,8.7,184,28.9,0.608761429
1.7,13,8.7,179,28.9,0.707106781
1.7,11,8.7,185,28.9,0.79335334
1.7,9,8.3,53,28.8,0.866025404
1.7,13,8.7,186,28.9,0.923879533
1.7,13,8.5,205,28.8,0.965925826
1.7,13,8.7,193,28.9,0.991444861
1.9,11,9.1,193,28.7,1
1.7,13,8.8,207,28.8,0.991444861
1.8,11,8.3,152,28.8,0.965925826
1.8,13,7.9,185,29,0.923879533
1.8,13,7.6,207,29,0.866025404
1.8,13,8,209,29,0.79335334
1.8,13,7.6,223,29,0.707106781
1.7,13,7.2,200,29.1,0.608761429
1.9,13,8.1,201,29.1,0.5
1.9,11,8.5,359,29.1,0.382683432
1.8,11,8,7,29.1,0.258819045
2.1,13,8.7,191,29.1,0.130526192
1.8,13,8.1,181,29.1,0
1.8,13,8.3,193,29.1,-0.130526192
1.8,13,8.4,202,29.1,-0.258819045
1.7,12,8.1,136,29.1,-0.382683432
1.8,12,8.4,145,29.1,-0.5
1.8,13,8.7,182,29.1,-0.608761429
1.7,14,8.7,185,29,-0.707106781
1.8,13,8.6,197,28.9,-0.79335334
1.7,13,8.8,252,28.9,-0.866025404
1.7,13,8.2,196,28.8,-0.923879533
1.8,13,8.2,226,28.7,-0.965925826
1.9,12,8.4,352,28.7,-0.991444861
1.7,13,8,228,28.7,-1
1.8,13,8.2,354,28.7,-0.991444861
1.7,11,8.1,1,28.6,-0.965925826
1.7,13,8.4,350,28.6,-0.923879533
2,12,9.1,358,28.7,-0.866025404
1.8,12,8.8,357,28.8,-0.79335334
1.9,13,8.8,217,28.8,-0.707106781
1.7,13,8.8,354,28.8,-0.608761429
1.7,13,8.7,354,28.8,-0.5
1.6,13,8.4,335,28.8,-0.382683432
1.6,13,8.3,66,28.8,-0.258819045
1.8,14,8.3,202,28.8,-0.130526192
1.7,13,8.3,105,28.8,1.22E-16
1.7,13,8.6,249,28.9,0.130526192
1.8,13,9,27,28.9,0.258819045
1.8,13,9,192,28.9,0.382683432
1.8,12,8.7,31,28.9,0.5
1.6,12,8.5,342,28.9,0.608761429
1.8,13,8.5,93,28.9,0.707106781
1.6,12,8.1,270,28.9,0.79335334
1.7,12,8.4,348,28.9,0.866025404
1.7,12,8.2,344,29,0.923879533
1.9,13,8,159,29,0.965925826
1.8,13,7.9,179,28.9,0.991444861
1.8,12,7.8,0,29,1
1.9,12,7.7,353,29,0.991444861
1.7,13,7.3,0,29,0.965925826
1.7,12,7.7,14,29.1,0.923879533
1.8,13,7.4,188,29.1,0.866025404
1.8,13,7.7,341,29.1,0.79335334
1.7,12,7.6,356,29.2,0.707106781
1.8,12,7.6,7,29.2,0.608761429
1.7,12,7.4,355,29.2,0.5
1.7,12,7.5,359,29.2,0.382683432
1.7,12,7.5,359,29.2,0.258819045
1.7,13,7,180,29.1,0.130526192
1.7,11,6.9,167,29.1,0
1.7,12,6.7,344,29.1,-0.130526192
1.6,12,6.5,0,29.1,-0.258819045
1.7,12,7.1,347,29.1,-0.382683432
1.5,12,6.9,1,29.1,-0.5
1.5,12,7.2,347,29.1,-0.608761429
1.5,12,7.5,3,29.1,-0.707106781
1.5,13,7.6,353,29.1,-0.79335334
1.5,12,7.6,352,29,-0.866025404
1.5,12,7.6,355,29,-0.923879533
1.4,12,7.1,349,28.7,-0.965925826
1.6,13,7.8,342,28.7,-0.991444861
1.7,12,7.5,346,28.6,-1
1.6,13,6.9,347,28.7,-0.991444861
1.7,13,7,345,28.7,-0.965925826
1.7,13,6.8,359,28.7,-0.923879533
1.7,13,7.3,353,28.7,-0.866025404
1.6,13,7.2,351,28.7,-0.79335334
1.6,13,7.3,201,28.7,-0.707106781
1.5,13,7.5,8,28.7,-0.608761429
1.4,8,7.4,51,28.8,-0.5
1.6,14,7.8,203,29,-0.382683432
1.5,13,7.5,11,28.9,-0.258819045
1.6,13,7.8,31,28.9,-0.130526192
1.4,13,7.1,316,29,1.22E-16
1.5,13,7.4,336,29,0.130526192
1.5,12,7.2,280,29,0.258819045
1.4,12,7.3,178,29,0.382683432
1.5,13,7.5,9,29,0.5
1.5,8,7.3,48,29,0.608761429
1.5,9,7.3,58,29,0.707106781
1.4,12,7.3,173,29,0.79335334
1.4,12,7.5,170,29.1,0.866025404
1.5,11,7.5,167,29.1,0.923879533
1.5,15,7.7,211,29.1,0.965925826
1.4,11,7.4,175,29.1,0.991444861
1.5,13,7.5,197,29.1,1
1.4,12,7.2,174,29.1,0.991444861
1.5,12,7.1,192,29.1,0.965925826
1.5,11,7.1,180,29.1,0.923879533
1.6,8,7.1,52,29.2,0.866025404
1.6,8,7,52,29.2,0.79335334
1.5,8,6.8,74,29.3,0.707106781
1.6,9,6.9,54,29.3,0.608761429
1.5,9,6.8,54,29.2,0.5
1.4,13,6.6,179,29.2,0.382683432
1.5,8,6.5,52,29.2,0.258819045
1.6,12,6.8,192,29.1,0.130526192
1.5,13,6.6,181,29.1,0
1.6,8,6.8,57,29.1,-0.130526192
1.6,13,6.9,185,29,-0.258819045
1.6,8,7,44,29,-0.382683432
1.6,8,7.2,43,29,-0.5
1.6,8,7.7,69,28.9,-0.608761429
1.4,13,7.4,174,29,-0.707106781
1.5,13,8,172,28.9,-0.79335334
1.5,13,8.3,174,28.9,-0.866025404
1.3,13,7.8,185,28.9,-0.923879533
1.5,8,7.7,61,28.9,-0.965925826
1.4,13,7.9,177,28.9,-0.991444861
1.5,13,8.2,157,28.8,-1
1.4,8,7.8,77,28.8,-0.991444861
1.4,9,7.6,53,28.9,-0.965925826
1.4,13,7.8,199,28.9,-0.923879533
1.4,13,7.8,198,28.9,-0.866025404
1.3,13,7.8,284,28.9,-0.79335334
1.4,13,7.8,202,28.9,-0.707106781
1.3,13,8.1,228,28.9,-0.608761429
1.3,13,7.9,222,28.9,-0.5
1.4,13,8,189,28.9,-0.382683432
1.4,13,7.3,223,28.9,-0.258819045
1.4,14,7.7,290,29,-0.130526192
1.5,13,8,186,29,1.22E-16
1.4,14,7.3,238,29,0.130526192
1.4,8,7.3,60,29,0.258819045
1.5,14,7.8,203,29,0.382683432
1.5,9,7.5,72,29.1,0.5
1.5,9,7.6,70,29.1,0.608761429
1.4,8,7.5,67,29.1,0.707106781
1.4,14,7.3,224,29.2,0.79335334
1.4,8,7.2,85,29.2,0.866025404
1.4,12,7.3,175,29.2,0.923879533
1.4,9,7,91,29,0.965925826
1.5,14,7.4,327,29,0.991444861
1.4,8,7,71,29.1,1
1.6,8,7.3,75,29.2,0.991444861
1.5,8,7,72,29.2,0.965925826
1.4,8,7.1,58,29.3,0.923879533
1.4,10,7.2,128,29.2,0.866025404
1.4,8,7.2,73,29.4,0.79335334
1.4,11,7.1,174,29.5,0.707106781
1.5,8,7.2,49,29.3,0.608761429
1.5,8,7.2,54,29.4,0.5
1.5,8,7,73,29.4,0.382683432
1.5,8,7.3,48,29.3,0.258819045
1.5,8,7.1,76,29.3,0.130526192
1.5,9,7.2,63,29.2,0
1.5,8,7.3,65,29.2,-0.130526192
1.5,9,7.4,78,29.1,-0.258819045
1.5,8,7.2,88,29.1,-0.382683432
1.6,9,7.3,51,28.9,-0.5
1.5,8,7.2,62,28.9,-0.608761429
1.5,9,7.2,69,28.8,-0.707106781
1.6,8,7.3,66,28.7,-0.79335334
1.5,8,7.3,62,28.7,-0.866025404
1.5,9,7.2,96,28.7,-0.923879533
1.5,12,7.2,182,28.7,-0.965925826
1.4,12,7.3,183,28.6,-0.991444861
1.4,9,6.9,111,28.6,-1
1.4,8,6.7,73,28.6,-0.991444861
1.5,10,6.8,100,28.6,-0.965925826
1.5,12,6.7,184,28.6,-0.923879533
1.5,12,6.5,183,28.6,-0.866025404
1.6,10,6.8,80,28.7,-0.79335334
1.5,12,6.3,181,28.7,-0.707106781
1.6,9,6.1,54,28.7,-0.608761429
1.5,13,6.2,182,28.7,-0.5
1.5,11,6.1,158,28.7,-0.382683432
1.6,12,6,185,28.6,-0.258819045
1.6,12,6,189,28.6,-0.130526192
1.5,9,5.9,60,28.7,1.22E-16
1.5,12,6.1,180,28.7,0.130526192
1.5,13,6,188,28.7,0.258819045
1.4,12,6,195,28.7,0.382683432
1.5,12,6.2,192,28.7,0.5
1.4,13,6.1,191,28.7,0.608761429
1.4,12,6.3,185,28.7,0.707106781
1.5,12,6.7,189,28.7,0.79335334
1.5,13,6.7,188,28.7,0.866025404
1.5,13,6.5,194,28.8,0.923879533
1.5,13,6.4,178,28.8,0.965925826
1.4,11,6.3,149,28.8,0.991444861
1.4,13,6.6,187,28.9,1
1.4,12,6.7,183,28.9,0.991444861
1.4,13,6.5,186,28.9,0.965925826
1.5,13,6.3,182,28.9,0.923879533
1.4,13,6.1,202,28.9,0.866025404
1.5,13,6.5,196,28.9,0.79335334
1.4,13,6.2,185,29,0.707106781
1.6,13,7,184,29,0.608761429
1.5,13,6.7,189,29,0.5
1.6,13,6.7,189,29,0.382683432
1.6,13,7,187,28.9,0.258819045
1.5,13,6.5,195,28.9,0.130526192
1.5,13,6.3,196,28.9,0
1.5,13,6.7,189,28.9,-0.130526192
1.5,12,6.3,179,28.8,-0.258819045
1.5,13,6.6,186,28.8,-0.382683432
1.5,13,6.4,191,28.8,-0.5
1.6,13,6.5,194,28.7,-0.608761429
1.5,14,6.3,208,28.7,-0.707106781
1.4,13,6.5,189,28.7,-0.79335334
1.4,12,6.5,188,28.7,-0.866025404
1.5,13,7,185,28.7,-0.923879533
1.4,13,7.1,179,28.7,-0.965925826
1.4,13,6.9,189,28.7,-0.991444861
1.4,12,6.7,173,28.6,-1
1.5,13,6.7,182,28.6,-0.991444861
1.5,13,6.8,178,28.6,-0.965925826
1.4,14,6.5,195,28.6,-0.923879533
1.5,13,6.7,180,28.6,-0.866025404
1.4,13,6.7,186,28.6,-0.79335334
1.5,13,7,183,28.6,-0.707106781
1.4,13,6.7,186,28.6,-0.608761429
1.4,13,6.7,182,28.6,-0.5
1.4,13,6.7,176,28.6,-0.382683432
1.3,13,6.5,187,28.6,-0.258819045
1.4,13,6.5,196,28.6,-0.130526192
1.3,13,6.1,191,28.6,1.22E-16
1.3,13,6.3,181,28.6,0.130526192
1.4,13,6.4,187,28.6,0.258819045
1.4,13,6.3,184,28.6,0.382683432
1.3,13,6.3,190,28.6,0.5
1.3,13,6.2,188,28.6,0.608761429
1.4,13,6.3,194,28.6,0.707106781
1.3,14,6.4,189,28.6,0.79335334
1.3,13,6.2,184,28.6,0.866025404
1.3,13,6.1,191,28.7,0.923879533
1.2,11,5.6,161,28.7,0.965925826
1.3,13,5.9,172,28.7,0.991444861
1.2,13,6,189,28.7,1
1.3,13,5.9,183,28.7,0.991444861
1.2,13,5.7,194,28.7,0.965925826
1.2,13,5.7,195,28.7,0.923879533
1.3,13,5.9,203,28.7,0.866025404
1.3,13,6,182,28.7,0.79335334
1.4,13,6.2,202,28.7,0.707106781
1.4,13,6,190,28.8,0.608761429
1.4,13,6.1,191,28.8,0.5
1.3,14,5.7,210,28.8,0.382683432
1.3,13,5.6,195,28.8,0.258819045
1.3,14,5.9,201,28.8,0.130526192
1.3,12,5.8,178,28.8,0
1.3,13,6,201,28.8,-0.130526192
1.3,12,6.1,198,28.8,-0.258819045
1.2,13,5.9,198,28.8,-0.382683432
1.2,13,6.5,197,28.7,-0.5
1.3,11,6.3,277,28.7,-0.608761429
1.3,13,6.6,204,28.7,-0.707106781
1.1,13,6.4,204,28.6,-0.79335334
1.2,13,6.7,204,28.6,-0.866025404
1.2,13,7,200,28.6,-0.923879533
1.2,13,6.7,202,28.5,-0.965925826
1.2,14,6.7,201,28.5,-0.991444861
1.3,13,6.5,202,28.5,-1
1.2,13,6.5,206,28.5,-0.991444861
1.2,13,6.7,204,28.5,-0.965925826
1.2,13,6.4,204,28.5,-0.923879533
1.2,9,6.3,76,28.5,-0.866025404
1.2,12,6.4,201,28.5,-0.79335334
1.3,11,6.3,242,28.5,-0.707106781
1.2,14,6.3,210,28.5,-0.608761429
1.2,11,6.2,245,28.5,-0.5
1.2,13,6.3,211,28.5,-0.382683432
1.2,11,6.4,235,28.5,-0.258819045
1.2,11,6.3,240,28.5,-0.130526192
1.2,10,6.4,183,28.6,1.22E-16
1.2,11,6.4,301,28.6,0.130526192
1.2,11,6.2,256,28.6,0.258819045
1.3,9,6.4,47,28.6,0.382683432
1.3,8,6.5,46,28.6,0.5
1.2,13,6.4,223,28.6,0.608761429
1.2,9,6.4,61,28.6,0.707106781
1.3,12,6.6,216,28.6,0.79335334
1.2,9,6.4,65,28.6,0.866025404
1.2,7,6.6,40,28.6,0.923879533
1.3,7,6.5,33,28.6,0.965925826
1.3,7,6.5,37,28.6,0.991444861
1.4,11,6.5,229,28.7,1
1.2,12,6.2,221,28.7,0.991444861
1.3,11,6.1,191,28.7,0.965925826
1.2,11,5.7,208,28.7,0.923879533
1.3,9,6,61,28.7,0.866025404
1.3,8,5.9,69,28.8,0.79335334
1.4,8,6,53,28.8,0.707106781
1.4,8,5.7,55,28.8,0.608761429
1.4,8,5.9,55,28.8,0.5
1.4,11,5.8,242,28.8,0.382683432
1.3,11,5.8,210,28.8,0.258819045
1.4,11,6,198,28.7,0.130526192
1.3,12,6,247,28.8,0
1.4,8,6.3,56,28.8,-0.130526192
1.3,8,6.1,61,28.7,-0.258819045
1.4,11,6.6,201,28.7,-0.382683432
1.3,12,6.4,220,28.7,-0.5
1.4,11,6.5,204,28.7,-0.608761429
1.3,9,6.4,67,28.7,-0.707106781
1.3,8,6.2,62,28.6,-0.79335334
1.3,9,6.4,65,28.6,-0.866025404
1.3,9,5.9,74,28.6,-0.923879533
1.4,11,6.3,193,28.6,-0.965925826
1.3,11,6.3,199,28.6,-0.991444861
1.4,12,6.3,191,28.6,-1
1.4,10,6.3,155,28.6,-0.991444861
1.3,11,6.1,181,28.6,-0.965925826
1.3,7,5.9,78,28.6,-0.923879533
1.4,11,6.4,194,28.6,-0.866025404
1.4,11,6.1,196,28.6,-0.79335334
1.3,10,5.7,126,28.6,-0.707106781
1.4,11,5.8,203,28.6,-0.608761429
1.5,11,6.1,201,28.6,-0.5
1.4,9,6,73,28.6,-0.382683432
1.5,9,6,93,28.6,-0.258819045
1.4,11,5.7,186,28.6,-0.130526192
1.4,11,5.7,202,28.6,1.22E-16
1.4,12,5.4,205,28.6,0.130526192
1.4,9,5.5,67,28.6,0.258819045
1.4,10,5.2,109,28.6,0.382683432
1.4,12,5.6,244,28.6,0.5
1.3,11,5.8,201,28.6,0.608761429
1.2,11,5.8,191,28.6,0.79335334
1.3,11,5.9,185,28.6,0.866025404
1.2,11,5.5,190,28.6,0.923879533
1.3,11,5.8,175,28.6,0.965925826
1.3,11,5.6,180,28.6,0.991444861
1.3,11,5.5,185,28.7,1
1.3,12,5.7,188,28.7,0.991444861
1.3,11,5.5,175,28.7,0.965925826
1.4,12,6.1,192,28.7,0.923879533
1.4,9,6,93,28.7,0.866025404
1.4,12,6,195,28.8,0.79335334
1.3,11,6.1,179,28.9,0.707106781
1.4,9,6.3,106,28.9,0.608761429
1.3,11,6.2,195,28.9,0.5
1.3,8,6.5,92,28.9,0.382683432
1.4,11,6.5,199,28.9,0.258819045
1.4,11,6.5,197,28.7,0.130526192
1.3,12,6.1,190,28.7,0
1.5,12,6.6,188,28.6,-0.130526192
1.4,12,6.6,195,28.6,-0.258819045
1.4,9,6.4,72,28.6,-0.382683432
1.4,8,6.4,62,28.5,-0.5
1.5,9,6.8,62,28.5,-0.608761429
1.4,9,6.6,88,28.5,-0.707106781
1.4,12,6.9,208,28.5,-0.79335334
1.4,12,7,199,28.6,-0.866025404
1.3,10,6.8,158,28.5,-0.923879533
1.5,12,7.1,193,28.5,-0.965925826
1.4,9,6.9,53,28.4,-0.991444861
1.5,12,6.8,192,28.5,-1
1.5,11,6.8,195,28.5,-0.991444861
1.5,9,6.7,55,28.5,-0.965925826
1.6,11,6.7,183,28.5,-0.923879533
1.5,9,6.4,65,28.5,-0.866025404
1.6,9,6.5,56,28.5,-0.79335334
1.5,12,6.2,196,28.5,-0.707106781
1.6,9,6.2,50,28.5,-0.608761429
1.7,9,6.1,64,28.5,-0.5
1.7,9,6.3,83,28.5,-0.382683432
1.7,9,6.3,46,28.5,-0.258819045
1.6,12,6.1,203,28.5,-0.130526192
1.7,9,6.1,61,28.6,1.22E-16
1.7,9,6,64,28.6,0.130526192
1.7,12,6.4,197,28.6,0.258819045
1.5,12,6.1,206,28.6,0.382683432
1.6,9,6.2,64,28.6,0.5
1.6,9,6.2,68,28.6,0.608761429
1.6,9,6,48,28.6,0.707106781
1.7,12,6,197,28.6,0.79335334
1.7,9,6,58,28.6,0.866025404
1.7,12,5.9,192,28.6,0.923879533
1.6,11,6.2,195,28.6,0.965925826
1.6,9,5.8,72,28.6,0.991444861
1.6,8,5.9,72,28.6,1
1.6,12,5.6,203,28.6,0.991444861
1.5,9,5.7,96,28.6,0.965925826
1.6,11,5.8,204,28.7,0.923879533
1.6,9,5.6,63,28.7,0.866025404
1.6,10,5.7,91,28.7,0.79335334
1.6,8,5.7,75,28.8,0.707106781
1.7,12,5.7,208,28.7,0.608761429
1.6,9,5.3,61,28.8,0.5
1.6,9,5.5,94,28.8,0.382683432
1.6,8,5.7,64,28.8,0.258819045
1.6,8,5.7,80,28.8,0.130526192
1.6,9,5.7,69,28.8,0
1.6,9,5.7,55,28.7,-0.382683432
1.7,9,5.9,65,28.7,-0.5
1.7,9,6,60,28.7,-0.608761429
1.7,8,6,77,28.6,-0.707106781
1.7,7,5.7,142,28.6,-0.79335334
1.6,9,5.7,66,28.6,-0.866025404
1.6,8,5.9,66,28.6,-0.923879533
1.6,9,6,90,28.6,-0.965925826
1.8,9,6.2,74,28.6,-0.991444861
1.6,9,5.8,87,28.6,-1
1.7,8,6,88,28.6,-0.991444861
1.6,8,5.9,91,28.6,-0.965925826
1.8,8,6.2,74,28.6,-0.923879533
1.6,9,6,69,28.6,-0.866025404
1.6,8,5.8,89,28.6,-0.79335334
1.6,9,5.8,77,28.6,-0.707106781
1.7,9,6,69,28.6,-0.608761429
1.7,9,5.9,58,28.6,-0.5
1.6,10,6,42,28.6,-0.382683432
1.7,8,6,71,28.6,-0.258819045
1.6,9,6,75,28.6,-0.130526192
1.6,8,6,68,28.6,1.22E-16
1.7,9,6,72,28.6,0.130526192
1.7,9,6.1,61,28.6,0.258819045
1.5,9,6,67,28.6,0.382683432
1.6,8,6,66,28.6,0.5
1.6,8,6,77,28.6,0.608761429
1.6,9,6,85,28.6,0.707106781
1.7,9,6.2,78,28.6,0.79335334
1.6,9,6.1,53,28.6,0.866025404
1.7,9,6.3,71,28.6,0.923879533
1.6,7,6.3,87,28.6,0.965925826
1.7,9,6.5,81,28.6,0.991444861
1.6,8,6.4,92,28.6,1
1.6,8,6.1,122,28.7,0.991444861
1.6,9,6.1,85,28.7,0.965925826
1.6,8,6.1,97,28.7,0.923879533
1.7,8,6.1,110,28.7,0.866025404
1.6,7,5.9,116,28.7,0.79335334
1.6,9,5.8,74,28.7,0.707106781
1.5,9,5.6,79,28.8,0.608761429
1.6,9,5.7,72,28.7,0.5
1.7,7,5.8,96,28.7,0.382683432
1.6,13,5.7,222,28.7,0.258819045
1.6,8,5.7,79,28.7,0.130526192
1.6,9,5.6,61,28.7,0
1.6,9,5.9,69,28.7,-0.130526192
1.7,8,5.9,87,28.7,-0.258819045
1.7,8,6.1,68,28.7,-0.382683432
1.6,9,6,74,28.7,-0.5
1.6,9,5.7,47,28.6,-0.608761429
1.7,7,6,103,28.6,-0.707106781
1.7,9,6.1,70,28.6,-0.79335334
1.6,9,6.1,51,28.5,-0.866025404
1.6,8,6.1,73,28.6,-0.923879533
1.6,8,5.9,77,28.5,-0.965925826
1.7,8,6.1,79,28.5,-0.991444861
1.6,8,6,75,28.5,-1
1.5,8,6,86,28.5,-0.991444861
1.6,9,6.1,67,28.5,-0.965925826
1.6,8,6,95,28.5,-0.923879533
1.6,8,5.9,137,28.5,-0.866025404
1.6,7,6,124,28.5,-0.79335334
1.6,6,5.8,124,28.5,-0.707106781
1.6,7,6,121,28.4,-0.608761429
1.6,6,5.8,105,28.4,-0.5
1.6,6,5.7,119,28.5,-0.382683432
1.6,10,5.7,61,28.5,-0.258819045
1.7,7,6,111,28.4,-0.130526192
1.7,7,5.9,107,28.4,1.22E-16
1.7,7,5.9,110,28.4,0.130526192
1.7,9,6,83,28.4,0.258819045
1.7,13,5.9,210,28.4,0.382683432
1.6,13,5.9,203,28.4,0.5
1.8,9,6.1,92,28.4,0.608761429
1.6,8,6,98,28.5,0.707106781
1.6,13,6,219,28.5,0.79335334
1.6,13,6,231,28.5,0.866025404
1.6,8,6,63,28.5,0.923879533
1.5,9,5.9,55,28.5,0.965925826
1.6,9,6.1,56,28.5,0.991444861
1.5,9,5.9,47,28.5,1
1.5,9,6.2,90,28.5,0.991444861
1.6,9,6.2,56,28.5,0.965925826
1.6,13,6.1,202,28.5,0.923879533
1.5,14,6.2,202,28.6,0.866025404
1.6,13,6.1,212,28.6,0.79335334
1.6,13,6.1,209,28.6,0.707106781
1.6,13,6,214,28.6,0.608761429
1.6,14,5.9,220,28.6,0.5
1.6,6,5.8,146,28.6,0.382683432
1.7,14,5.9,219,28.5,0.258819045
1.7,6,5.7,136,28.6,0.130526192
1.7,14,5.8,224,28.5,0
1.7,6,5.7,147,28.5,-0.130526192
1.7,9,6,98,28.5,-0.258819045
1.7,14,5.8,217,28.5,-0.382683432
1.8,14,6,215,28.5,-0.5
1.7,14,6.1,223,28.5,-0.608761429
1.6,14,5.8,208,28.5,-0.707106781
1.7,14,6,219,28.5,-0.79335334
1.6,14,5.8,205,28.5,-0.866025404
1.6,14,6,221,28.5,-0.923879533
1.7,12,6,198,28.5,-0.965925826
1.7,15,6,220,28.4,-0.991444861
1.8,14,6.2,226,28.4,-1
1.7,8,6.1,71,28.4,-0.991444861
1.6,11,5.8,188,28.5,-0.965925826
1.7,8,6.1,66,28.5,-0.923879533
1.6,6,5.8,160,28.5,-0.866025404
1.7,8,6,64,28.5,-0.79335334
1.8,8,6,82,28.5,-0.707106781
1.8,8,5.9,72,28.5,-0.608761429
1.7,9,5.8,64,28.5,-0.5
1.7,8,6.1,58,28.5,-0.382683432
1.7,8,5.7,56,28.5,-0.258819045
1.7,9,6,77,28.5,-0.130526192
1.7,8,6.2,58,28.5,1.22E-16
1.6,8,6.1,47,28.5,0.130526192
1.8,8,6.2,67,28.5,0.258819045
1.7,8,6.2,72,28.5,0.382683432
1.6,8,6.2,67,28.5,0.5
1.6,8,6.2,63,28.5,0.608761429
1.6,12,6,224,28.5,0.707106781
1.6,9,6.1,62,28.5,0.79335334
1.7,8,6.1,61,28.5,0.866025404
1.6,12,6,209,28.5,0.923879533
1.7,8,6.2,61,28.5,0.965925826
1.6,8,6.1,65,28.5,0.991444861
1.5,8,6,61,28.5,1
1.5,8,5.8,67,28.5,0.991444861
1.6,8,6.1,56,28.5,0.965925826
1.5,11,6.3,188,28.6,0.923879533
1.6,12,6.2,198,28.6,0.866025404
1.6,8,6,65,28.6,0.79335334
1.7,8,6,62,28.6,0.707106781
1.7,8,5.7,60,28.6,0.608761429
1.7,8,5.7,65,28.6,0.5
1.6,9,5.7,60,28.6,0.382683432
1.7,8,5.8,60,28.6,0.258819045
1.7,8,5.7,57,28.6,0.130526192
1.8,8,5.7,53,28.6,0
1.8,9,5.8,55,28.6,-0.130526192
1.7,8,5.7,61,28.6,-0.258819045
1.7,8,5.8,55,28.6,-0.382683432
1.8,8,5.9,56,28.6,-0.5
1.7,9,5.8,53,28.6,-0.608761429
1.7,8,5.6,65,28.6,-0.707106781
1.6,9,5.6,56,28.6,-0.79335334
1.8,8,5.9,50,28.6,-0.866025404
1.6,8,5.7,52,28.5,-0.923879533
1.8,8,6,65,28.6,-0.965925826
1.6,13,5.9,205,28.5,-0.991444861
1.6,9,5.7,55,28.6,-1
1.6,13,5.9,206,28.5,-0.991444861
1.5,8,6,51,28.5,-0.965925826
1.6,8,6.2,56,28.6,-0.923879533
1.6,9,6,66,28.5,-0.866025404
1.5,9,5.9,57,28.6,-0.79335334
1.6,9,6.1,63,28.6,-0.707106781
1.6,13,6.3,214,28.6,-0.608761429
1.5,9,6,59,28.6,-0.5
1.6,8,6.3,50,28.6,-0.382683432
1.5,13,6,198,28.6,-0.258819045
1.5,13,6.1,214,28.6,-0.130526192
1.6,13,6.1,212,28.6,1.22E-16
1.7,13,6.3,213,28.6,0.130526192
1.7,13,6.3,194,28.6,0.258819045
1.6,13,6.3,221,28.6,0.382683432
1.7,9,6.3,59,28.6,0.5
1.7,13,6.3,202,28.6,0.608761429
1.7,13,6.4,210,28.6,0.707106781
1.7,13,6.5,210,28.6,0.79335334
1.6,13,6.5,215,28.6,0.866025404
1.7,13,6.6,208,28.6,0.923879533
1.7,13,6.6,221,28.6,0.965925826
1.7,8,6.8,52,28.6,0.991444861
1.7,13,6.8,217,28.6,1
1.6,13,6.9,205,28.6,0.991444861
1.6,13,6.8,211,28.7,0.965925826
1.6,13,6.8,205,28.7,0.923879533
1.5,13,6.4,218,28.7,0.866025404
1.6,13,6.7,209,28.7,0.79335334
1.6,13,6.6,208,28.8,0.707106781
1.6,13,6.8,203,28.8,0.608761429
1.6,13,6.8,206,28.8,0.5
1.6,13,6.5,217,28.8,0.382683432
1.6,8,6.1,59,28.9,0.258819045
1.7,14,6.5,230,28.8,0.130526192
1.7,8,6.5,58,28.8,0
1.7,9,6.3,52,28.7,-0.130526192
1.7,13,6.4,209,28.7,-0.258819045
1.8,13,6.3,225,28.7,-0.382683432
1.7,8,6.4,63,28.6,-0.5
1.8,13,6.4,207,28.6,-0.608761429
1.8,13,6.6,211,28.6,-0.707106781
1.7,14,6.4,220,28.6,-0.79335334
1.7,9,6.1,52,28.5,-0.866025404
1.9,14,6.6,235,28.5,-0.923879533
1.8,13,6.8,209,28.5,-0.965925826
1.8,14,6.8,213,28.5,-0.991444861
1.9,14,6.9,220,28.5,-1
1.8,13,6.8,222,28.5,-0.991444861
1.8,13,6.8,224,28.6,-0.965925826
1.7,9,6.7,56,28.6,-0.923879533
1.8,8,6.7,61,28.6,-0.866025404
1.8,8,6.8,61,28.6,-0.79335334
1.8,8,6.7,56,28.6,-0.707106781
1.9,9,6.8,60,28.5,-0.608761429
1.8,14,6.8,210,28.6,-0.5
1.8,9,6.8,56,28.6,-0.382683432
1.8,9,6.5,54,28.6,-0.258819045
1.9,15,6.8,222,28.6,-0.130526192
1.9,8,6.6,53,28.5,1.22E-16
1.9,14,6.9,226,28.5,0.130526192
1.8,8,6.8,54,28.5,0.258819045
1.8,7,6.7,51,28.5,0.382683432
1.8,9,6.7,54,28.5,0.5
1.8,8,6.7,53,28.6,0.608761429
1.8,13,6.7,216,28.6,0.707106781
1.8,8,6.8,49,28.6,0.79335334
1.8,9,6.7,53,28.6,0.866025404
1.8,9,6.6,51,28.6,0.923879533
1.8,9,6.6,59,28.6,0.965925826
1.8,8,6.5,45,28.6,0.991444861
1.8,8,6.5,42,28.6,1
1.8,9,6.7,51,28.6,0.991444861
1.7,9,6.4,58,28.7,0.965925826
1.9,8,6.6,46,28.7,0.923879533
1.8,9,6.7,51,28.7,0.866025404
1.8,8,6.8,52,28.7,0.79335334
1.7,8,6.8,53,28.7,0.707106781
1.6,9,6.7,42,28.7,0.608761429
1.7,9,6.8,55,28.7,0.5
1.5,9,6.8,53,28.8,0.382683432
1.6,9,7.1,53,28.7,0.258819045
1.6,13,6.7,205,28.7,0.130526192
1.6,13,6.5,212,28.7,0
