YY,MM,DD,hh,mm,WVHT,DPD,APD,MWD,WTMP
2025,12,11,21,30,1.4,9,7.1,83,29.5
2025,12,11,21,0,1.5,13,7.7,320,29.4
2025,12,11,20,30,1.5,14,8.1,325,29.3
2025,12,11,20,0,1.5,14,7.9,323,29.3
2025,12,11,19,30,1.5,8,7.8,68,29.3
2025,12,11,19,0,1.4,14,8.1,322,29.3
2025,12,11,18,30,1.6,14,8.4,325,29.2
2025,12,11,18,0,1.5,14,8.2,329,29.2
2025,12,11,17,30,1.5,14,8.1,323,29.3
2025,12,11,17,0,1.6,14,8.2,321,29.3
2025,12,11,16,30,1.6,14,8.4,329,29.3
2025,12,11,16,0,1.5,11,8.1,9,29.3
2025,12,11,15,30,1.5,11,8.2,357,29.3
2025,12,11,15,0,1.5,14,8.2,326,29.3
2025,12,11,14,30,1.5,8,8,66,29.3
2025,12,11,14,0,1.5,14,8.4,327,29.3
2025,12,11,13,30,1.5,8,8.2,55,29.3
2025,12,11,13,0,1.5,14,8.6,328,29.3
2025,12,11,12,30,1.5,14,8.1,329,29.3
2025,12,11,12,0,1.5,13,8.1,351,29.4
2025,12,11,11,30,1.7,14,8.4,333,29.4
2025,12,11,11,0,1.5,9,8,48,29.4
2025,12,11,10,30,1.6,14,8.4,332,29.4
2025,12,11,10,0,1.5,11,8,348,29.4
2025,12,11,9,30,1.6,15,8.2,327,29.4
2025,12,11,9,0,1.7,13,8.3,339,29.4
2025,12,11,8,30,1.5,13,7.9,343,29.3
2025,12,11,8,0,1.6,13,7.9,353,29.4
2025,12,11,7,30,1.5,12,7.7,333,29.4
2025,12,11,7,0,1.7,8,8.1,50,29.4
2025,12,11,6,30,1.6,8,7.3,51,29.4
2025,12,11,6,0,1.6,8,7.3,53,29.4
2025,12,11,5,30,1.8,12,7.5,325,29.4
2025,12,11,5,0,1.7,8,7.4,55,29.4
2025,12,11,4,30,1.7,8,7,67,29.4
2025,12,11,4,0,1.6,9,7.1,38,29.4
2025,12,11,3,30,1.6,13,7.2,338,29.4
2025,12,11,3,0,1.8,13,7.5,331,29.4
2025,12,11,2,30,1.7,13,7.3,337,29.4
2025,12,11,2,0,1.8,12,7.1,344,29.4
2025,12,11,1,30,1.7,9,7.1,53,29.5
2025,12,11,1,0,1.7,13,6.8,354,29.4
2025,12,11,0,30,1.8,13,7.5,331,29.4
2025,12,11,0,0,1.7,9,7,41,29.4
2025,12,10,23,30,1.8,13,7.2,344,29.4
2025,12,10,23,0,1.8,10,7.2,34,29.4
2025,12,10,22,30,1.9,13,7.3,339,29.4
2025,12,10,22,0,1.8,9,7.2,72,29.3
2025,12,10,21,30,2,13,7.7,359,29.3
2025,12,10,21,0,1.8,8,7.5,56,29.3
2025,12,10,20,30,1.8,9,7.8,59,29.3
2025,12,10,20,0,1.8,8,7.7,61,29.2
2025,12,10,19,30,1.9,13,8.4,355,29.2
2025,12,10,19,0,1.9,13,8,330,29.2
2025,12,10,18,30,1.8,8,8.2,69,29.2
2025,12,10,18,0,1.8,13,8.2,344,29.2
2025,12,10,17,30,1.8,13,8.1,339,29.2
2025,12,10,17,0,1.8,13,7.9,333,29.2
2025,12,10,16,30,1.9,9,7.9,58,29.2
2025,12,10,16,0,1.9,8,8.1,45,29.2
2025,12,10,15,30,2,13,8.5,328,29.2
2025,12,10,15,0,1.9,13,8.3,331,29.2
2025,12,10,14,30,1.9,13,8,344,29.3
2025,12,10,14,0,1.9,13,8,355,29.2
2025,12,10,13,30,1.8,13,8.3,329,29.3
2025,12,10,13,0,1.9,13,8,327,29.3
2025,12,10,12,30,1.9,8,8,59,29.3
2025,12,10,12,0,2,14,8.8,351,29.3
2025,12,10,11,30,1.9,13,8.5,311,29.3
2025,12,10,11,0,1.8,14,7.9,349,29.3
2025,12,10,10,30,2,14,8.4,330,29.3
2025,12,10,10,0,1.8,10,8.1,359,29.3
2025,12,10,9,30,2,14,8.6,334,29.3
2025,12,10,9,0,1.8,10,7.8,356,29.4
2025,12,10,8,30,2,13,8.3,321,29.3
2025,12,10,8,0,2,14,8.3,341,29.4
2025,12,10,7,30,2.2,13,8.5,339,29.4
2025,12,10,7,0,2.1,8,8.3,73,29.4
2025,12,10,6,30,1.9,13,8.3,328,29.5
2025,12,10,6,0,1.9,8,8.2,40,29.5
2025,12,10,5,30,1.8,13,8.2,333,29.5
2025,12,10,5,0,1.9,14,8.1,335,29.5
2025,12,10,4,30,2,12,7.8,352,29.5
2025,12,10,4,0,1.9,14,7.6,324,29.5
2025,12,10,3,30,2.1,14,8.1,335,29.5
2025,12,10,3,0,1.9,11,7.6,357,29.5
2025,12,10,2,30,2.2,12,8,334,29.5
2025,12,10,2,0,2,9,7.8,50,29.5
2025,12,10,1,30,2.2,12,7.9,342,29.5
2025,12,10,1,0,2.1,14,7.8,317,29.4
2025,12,10,0,30,2.1,12,7.8,337,29.4
2025,12,10,0,0,2.1,14,7.7,342,29.4
2025,12,9,23,30,2.1,14,7.8,342,29.4
2025,12,9,23,0,2.2,13,8.1,346,29.3
2025,12,9,22,30,2.2,14,8.1,347,29.3
2025,12,9,22,0,2.1,14,8.1,335,29.3
2025,12,9,21,30,2,12,8,334,29.3
2025,12,9,21,0,2.3,12,8.7,330,29.3
2025,12,9,20,30,2.1,13,8.7,345,29.2
2025,12,9,20,0,2.2,12,8.4,7,29.2
2025,12,9,19,30,2.2,13,8.7,345,29.2
2025,12,9,19,0,2.3,11,8.7,43,29.2
2025,12,9,18,30,2.3,14,8.7,341,29.1
2025,12,9,18,0,2.3,15,8.6,344,29.1
2025,12,9,17,30,2.2,13,8.5,338,29.1
2025,12,9,17,0,2.2,11,8.5,336,29.1
2025,12,9,16,30,2.2,13,8.4,342,29.1
2025,12,9,16,0,2.4,14,8.5,349,29.1
2025,12,9,15,30,2.3,13,8.5,341,29.2
2025,12,9,15,0,2.2,13,8.5,340,29.1
2025,12,9,14,30,2.3,14,8.7,337,29.1
2025,12,9,14,0,2.2,8,8.1,38,29.1
2025,12,9,13,30,2.2,12,8.3,331,29.1
2025,12,9,13,0,2.4,14,8.6,343,29.1
2025,12,9,12,30,2.1,14,8.3,339,29.2
2025,12,9,12,0,2.2,12,7.9,333,29.2
2025,12,9,11,30,2.1,14,8.1,337,29.2
2025,12,9,11,0,2.1,14,8,336,29.2
2025,12,9,10,30,2.1,14,8,342,29.2
2025,12,9,10,0,2.2,13,8.3,347,29.2
2025,12,9,9,30,2.4,14,8,344,29.1
2025,12,9,9,0,2.3,14,8.3,342,29.1
2025,12,9,8,30,2.3,13,8.2,2,29.1
2025,12,9,8,0,2.2,15,7.8,344,29.1
2025,12,9,7,30,2.3,14,7.9,342,29.2
2025,12,9,7,0,2,13,7.2,336,29.2
2025,12,9,6,30,2.2,14,7.5,338,29.2
2025,12,9,6,0,2.2,13,7.7,345,29.2
2025,12,9,5,30,2.1,15,8,342,29.2
2025,12,9,5,0,2,12,7.4,320,29.2
2025,12,9,4,30,2,13,8,319,29.2
2025,12,9,4,0,2.1,11,7.8,281,29.2
2025,12,9,3,30,2,13,7.7,343,29.2
2025,12,9,3,0,1.9,12,7.7,280,29.2
2025,12,9,2,30,2,12,7.8,213,29.2
2025,12,9,2,0,1.9,11,7.5,319,29.2
2025,12,9,1,30,1.8,12,7,166,29.2
2025,12,9,1,0,2.1,13,8,240,29.2
2025,12,9,0,30,2,12,7.8,246,29.2
2025,12,9,0,0,2,13,7.2,306,29.2
2025,12,8,23,30,1.9,11,7.1,258,29.2
2025,12,8,23,0,1.9,11,7.5,205,29.2
2025,12,8,22,30,1.9,13,7.1,306,29.2
2025,12,8,22,0,1.9,12,7.2,320,29.2
2025,12,8,21,30,1.8,11,6.8,271,29.2
2025,12,8,21,0,2.2,13,7.8,332,29.2
2025,12,8,20,30,2.1,13,7.5,345,29.2
2025,12,8,20,0,1.9,13,7,281,29.1
2025,12,8,19,30,2,13,7.3,346,29.2
2025,12,8,19,0,2,12,7.2,272,29.1
2025,12,8,18,30,2,13,7.6,263,29.1
2025,12,8,18,0,2.1,12,7.3,328,29.1
2025,12,8,17,30,2.1,12,7.4,317,29.1
2025,12,8,17,0,2,12,7.3,318,29.1
2025,12,8,16,30,2.1,13,8,325,29.1
2025,12,8,16,0,2.1,13,8.5,259,29.2
2025,12,8,15,30,2,13,8,268,29.2
2025,12,8,15,0,2,13,7.9,273,29.2
2025,12,8,14,30,2,12,7.5,313,29.2
2025,12,8,14,0,1.9,13,7.7,287,29.2
2025,12,8,13,30,2.1,13,7.7,286,29.2
2025,12,8,13,0,2,13,7.3,253,29.2
2025,12,8,12,30,2.1,12,7.4,296,29.2
2025,12,8,12,0,1.9,13,6.8,332,29.2
2025,12,8,11,30,2,13,7.2,244,29.2
2025,12,8,11,0,2.1,13,7.6,289,29.2
2025,12,8,10,30,1.9,13,7.2,271,29.2
2025,12,8,10,0,1.9,13,7.2,248,29.2
2025,12,8,9,30,1.9,13,7.2,284,29.2
2025,12,8,9,0,2.2,13,8.1,252,29.2
2025,12,8,8,30,2,13,7.5,237,29.2
2025,12,8,8,0,2,13,6.8,254,29.3
2025,12,8,7,30,2.1,13,7.6,262,29.3
2025,12,8,7,0,2,13,7.2,255,29.3
2025,12,8,6,30,1.9,13,7.4,219,29.3
2025,12,8,6,0,2.1,13,8.1,209,29.3
2025,12,8,5,30,1.8,13,7.1,221,29.3
2025,12,8,5,0,2,13,7.4,226,29.3
2025,12,8,4,30,1.9,13,7,202,29.3
2025,12,8,4,0,1.9,13,7,201,29.3
2025,12,8,3,30,2,13,7.4,212,29.4
2025,12,8,3,0,2,13,7.2,230,29.3
2025,12,8,2,30,2.1,13,7.3,227,29.3
2025,12,8,2,0,2.2,13,7.5,221,29.3
2025,12,8,1,30,2.2,13,7.5,211,29.3
2025,12,8,1,0,2.1,13,7,238,29.3
2025,12,8,0,30,1.9,13,6.8,208,29.3
2025,12,8,0,0,1.9,13,7,219,29.3
2025,12,7,23,30,1.9,13,6.8,201,29.3
2025,12,7,23,0,2.1,13,7.3,204,29.3
2025,12,7,22,30,1.8,12,6.9,265,29.3
2025,12,7,22,0,1.9,13,7.6,213,29.3
2025,12,7,21,30,2,13,7.9,250,29.3
2025,12,7,21,0,1.9,12,7.7,206,29.3
2025,12,7,20,30,1.9,13,7.9,224,29.3
2025,12,7,20,0,1.9,13,7.9,201,29.2
2025,12,7,19,30,1.9,13,7.9,256,29.2
2025,12,7,19,0,1.8,13,7.9,237,29.2
2025,12,7,18,30,1.8,13,7.9,218,29.2
2025,12,7,18,0,1.9,13,8.4,253,29.2
2025,12,7,17,30,1.8,13,8.3,218,29.2
2025,12,7,17,0,1.9,13,8.5,219,29.2
2025,12,7,16,30,2,13,8.8,216,29.2
2025,12,7,16,0,2.1,13,9.5,217,29.2
2025,12,7,15,30,2.1,13,9.6,238,29.2
2025,12,7,15,0,2.1,13,9.8,231,29.2
2025,12,7,14,30,1.9,13,9.6,247,29.2
2025,12,7,14,0,2.1,13,10.2,238,29.2
2025,12,7,13,30,1.9,13,9.6,248,29.2
2025,12,7,13,0,2.1,13,10,213,29.2
2025,12,7,12,30,2.1,13,9.9,233,29.2
2025,12,7,12,0,2,13,9.9,219,29.3
2025,12,7,11,30,2.5,13,10.9,216,29.2
2025,12,7,11,0,2.4,13,10.8,216,29.3
2025,12,7,10,30,2.1,13,10.2,198,29.3
2025,12,7,10,0,2,14,10.1,214,29.3
2025,12,7,9,30,2.2,13,10.5,229,29.3
2025,12,7,9,0,2,14,10.3,219,29.3
2025,12,7,8,30,2.2,14,10.7,227,29.4
2025,12,7,8,0,2.3,14,10.9,233,29.3
2025,12,7,7,30,2.2,14,10.5,217,29.4
2025,12,7,7,0,2,14,10.3,219,29.4
2025,12,7,6,30,2.2,14,10.6,227,29.4
2025,12,7,6,0,2.1,14,10.5,220,29.5
2025,12,7,5,30,2.2,13,11,223,29.6
2025,12,7,5,0,2.1,14,10.7,226,29.6
2025,12,7,4,30,2.1,14,11.3,235,29.6
2025,12,7,4,0,2.1,14,11.2,217,29.6
2025,12,7,3,30,1.8,14,10.4,227,29.7
2025,12,7,3,0,1.9,14,10.6,220,29.6
2025,12,7,2,30,1.7,14,9.8,225,29.6
2025,12,7,2,0,1.9,14,10.2,215,29.5
2025,12,7,1,30,1.8,14,10,229,29.5
2025,12,7,1,0,1.5,13,9.4,239,29.5
2025,12,7,0,30,1.6,14,9.8,224,29.5
2025,12,7,0,0,1.4,11,8.6,243,29.4
2025,12,6,23,30,1.5,15,9.1,213,29.4
2025,12,6,23,0,1.5,11,8.8,236,29.4
2025,12,6,22,30,1.5,15,8.8,230,29.3
2025,12,6,22,0,1.4,13,8.8,317,29.3
2025,12,6,21,30,1.4,12,8.7,241,29.2
2025,12,6,21,0,1.3,13,8.6,324,29.2
2025,12,6,20,30,1.4,13,9.2,316,29.2
2025,12,6,20,0,1.4,13,9.6,325,29.1
2025,12,6,19,30,1.4,12,9.2,271,29.1
2025,12,6,19,0,1.3,12,9.4,261,29.1
2025,12,6,18,30,1.2,13,9.3,347,29.1
2025,12,6,18,0,1.3,14,9,355,29
2025,12,6,17,30,1.3,13,9.1,341,29
2025,12,6,17,0,1.3,13,9,342,29
2025,12,6,16,30,1.4,13,9.3,337,29
2025,12,6,16,0,1.3,14,9.3,344,29
2025,12,6,15,30,1.2,13,8.7,340,29.1
2025,12,6,15,0,1.3,13,8.6,339,29.2
2025,12,6,14,30,1.3,13,8.9,347,29.2
2025,12,6,14,0,1.4,14,9.3,357,29.2
2025,12,6,13,30,1.3,13,8.9,344,29.2
2025,12,6,13,0,1.4,14,9.1,348,29.3
2025,12,6,12,30,1.3,14,9.1,3,29.3
2025,12,6,12,0,1.3,13,9,349,29.4
2025,12,6,11,30,MM,MM,MM,MM,29.4
2025,12,6,11,0,1.3,13,8.8,353,29.5
2025,12,6,10,30,1.3,13,9,340,29.5
2025,12,6,10,0,1.4,13,9.6,354,29.6
2025,12,6,9,30,1.2,13,9.1,344,29.7
2025,12,6,9,0,1.3,13,9.5,344,29.6
2025,12,6,8,30,1.2,13,9.5,347,29.7
2025,12,6,8,0,1.4,14,10.3,347,29.7
2025,12,6,7,30,1.2,13,9.3,348,29.6
2025,12,6,7,0,1.2,13,9.8,347,30
2025,12,6,6,30,1.2,13,9.6,353,29.5
2025,12,6,6,0,1.4,13,9.9,353,29.7
2025,12,6,5,30,1.3,13,10,345,29.9
2025,12,6,5,0,1.2,13,9.9,349,30.2
2025,12,6,4,30,1.2,14,9.8,357,30
2025,12,6,4,0,1.2,14,9.8,352,30.5
2025,12,6,3,30,1.3,13,10.1,338,30.7
2025,12,6,3,0,1.2,14,9.7,351,31.3
2025,12,6,2,30,1.3,13,10.1,349,31.8
2025,12,6,2,0,1.4,14,10.3,348,31.5
2025,12,6,1,30,1.4,13,10.4,347,31.8
2025,12,6,1,0,1.3,13,10.1,350,31.4
2025,12,6,0,30,1.2,12,9.5,347,31.3
2025,12,6,0,0,1.4,14,10.2,351,30.8
2025,12,5,23,30,1.3,13,9.7,341,30.6
2025,12,5,23,0,1.3,14,9.8,345,30.4
2025,12,5,22,30,1.3,12,9.5,339,30.2
2025,12,5,22,0,1.4,14,9.9,351,29.8
2025,12,5,21,30,1.2,12,9.3,331,29.8
2025,12,5,21,0,1.3,13,9.6,338,29.6
2025,12,5,20,30,1.3,14,9.7,351,29.5
2025,12,5,20,0,1.3,14,9.9,336,29.5
2025,12,5,19,30,1.3,13,10,333,29.4
2025,12,5,19,0,1.2,13,9.7,334,29.4
2025,12,5,18,30,1.3,14,10.2,337,29.4
2025,12,5,18,0,1.3,13,10.1,327,29.4
2025,12,5,17,30,1.3,14,10,345,29.2
2025,12,5,17,0,1.3,13,9.9,340,29.2
2025,12,5,16,30,1.4,14,9.9,343,29.2
2025,12,5,16,0,1.5,14,10,347,29.2
2025,12,5,15,30,1.5,14,9.8,337,29.1
2025,12,5,15,0,1.5,14,9.8,342,29.1
2025,12,5,14,30,1.5,13,9.1,335,29.1
2025,12,5,14,0,1.5,13,9.2,340,29.1
2025,12,5,13,30,1.4,14,8.8,332,29.1
2025,12,5,13,0,1.5,14,9.7,340,29.1
2025,12,5,12,30,1.6,14,10.2,336,29.1
2025,12,5,12,0,1.6,14,10.1,343,29.2
2025,12,5,11,30,1.4,14,9.2,353,29.2
2025,12,5,11,0,1.5,13,9.6,342,29.2
2025,12,5,10,30,1.5,14,9.4,336,29.2
2025,12,5,10,0,1.5,13,9.4,346,29.2
2025,12,5,9,30,1.5,15,9.6,340,29.3
2025,12,5,9,0,1.4,13,8.9,335,29.3
2025,12,5,8,30,1.4,14,9.2,341,29.3
2025,12,5,8,0,1.5,12,9.7,325,29.4
2025,12,5,7,30,1.7,14,10.5,333,29.4
2025,12,5,7,0,1.5,13,9.6,336,29.4
2025,12,5,6,30,1.5,13,9.8,330,29.4
2025,12,5,6,0,1.4,15,9.4,354,29.5
2025,12,5,5,30,1.5,14,9.7,337,29.5
2025,12,5,5,0,1.7,13,10.5,320,29.6
2025,12,5,4,30,1.6,13,10.1,327,29.6
2025,12,5,4,0,1.7,13,10.1,327,29.7
2025,12,5,3,30,1.6,13,10,330,29.9
2025,12,5,3,0,1.7,13,10.3,334,29.8
2025,12,5,2,30,1.8,13,10.2,340,29.9
2025,12,5,2,0,1.7,13,10.2,344,29.9
2025,12,5,1,30,1.6,15,10.2,344,30
2025,12,5,1,0,1.7,14,10,341,30
2025,12,5,0,30,1.7,15,10.2,357,29.6
2025,12,5,0,0,1.9,15,10.8,349,29.7
2025,12,4,23,30,1.7,15,10.4,346,29.8
2025,12,4,23,0,1.7,13,10.1,337,29.5
2025,12,4,22,30,1.8,15,10,347,29.5
2025,12,4,22,0,1.9,14,10.5,339,29.5
2025,12,4,21,30,1.8,13,10.6,336,29.6
2025,12,4,21,0,1.6,13,9.9,329,29.4
2025,12,4,20,30,1.6,13,10,322,29.4
2025,12,4,20,0,1.7,14,10.6,331,29.3
2025,12,4,19,30,1.9,13,11.2,328,29.2
2025,12,4,19,0,1.6,13,10.2,333,29.2
2025,12,4,18,30,1.8,13,10.8,326,29.2
2025,12,4,18,0,1.7,14,10.6,328,29.2
2025,12,4,17,30,1.8,13,10.6,315,29.2
2025,12,4,17,0,1.7,14,10.2,337,29.2
2025,12,4,16,30,1.5,15,10,343,29.2
2025,12,4,16,0,1.8,14,10.8,333,29.2
2025,12,4,15,30,1.8,15,11.1,338,29.2
2025,12,4,15,0,1.9,15,11.3,337,29.3
2025,12,4,14,30,2,14,11.5,336,29.3
2025,12,4,14,0,1.8,15,11.2,342,29.3
2025,12,4,13,30,1.9,15,11.3,348,29.3
2025,12,4,13,0,2,14,11.7,333,29.3
2025,12,4,12,30,1.9,14,11.4,335,29.3
2025,12,4,12,0,1.9,15,11.2,344,29.3
2025,12,4,11,30,2.1,15,11.5,342,29.4
2025,12,4,11,0,1.9,15,11.3,340,29.4
2025,12,4,10,30,1.8,14,11.1,337,29.4
2025,12,4,10,0,2,15,11.6,335,29.4
2025,12,4,9,30,2,15,11.8,339,29.4
2025,12,4,9,0,1.9,14,11.5,339,29.4
2025,12,4,8,30,2.1,15,12,330,29.4
2025,12,4,8,0,2,15,11.6,332,29.4
2025,12,4,7,30,2,14,11.3,329,29.5
2025,12,4,7,0,1.8,13,10.9,320,29.5
2025,12,4,6,30,1.9,15,11.4,331,29.5
2025,12,4,6,0,2.1,14,11.7,325,29.6
2025,12,4,5,30,1.7,14,10.8,333,29.7
2025,12,4,5,0,2,15,11.4,335,29.8
2025,12,4,4,30,2.1,15,11.5,326,29.9
2025,12,4,4,0,1.9,15,11,337,29.9
2025,12,4,3,30,1.9,15,11.4,331,29.9
2025,12,4,3,0,2.3,14,12,323,29.7
2025,12,4,2,30,2,17,11.2,333,29.7
2025,12,4,2,0,2.1,15,11.3,331,29.7
2025,12,4,1,30,2.2,14,11.5,324,29.6
2025,12,4,1,0,2.1,13,10.9,331,29.6
2025,12,4,0,30,2.2,13,10.9,321,29.5
2025,12,4,0,0,2.3,15,11.5,332,29.4
2025,12,3,23,30,2,14,10.9,318,29.4
2025,12,3,23,0,2.1,14,11.2,319,29.4
2025,12,3,22,30,2.2,14,11.3,316,29.3
2025,12,3,22,0,2.2,15,11.4,328,29.4
2025,12,3,21,30,2.1,15,11.5,331,29.4
2025,12,3,21,0,2,15,11.6,324,29.4
2025,12,3,20,30,2.1,15,11.6,322,29.4
2025,12,3,20,0,2,14,11.2,325,29.3
2025,12,3,19,30,1.8,14,10.8,305,29.2
2025,12,3,19,0,1.7,15,10.8,323,29.1
2025,12,3,18,30,1.8,15,11,323,29.1
2025,12,3,18,0,1.9,15,11.6,332,29.1
2025,12,3,17,30,1.9,17,11.3,332,29.1
2025,12,3,17,0,2,15,11.1,327,29.1
2025,12,3,16,30,1.7,15,10,333,29.1
2025,12,3,16,0,2.1,15,11.2,323,29.1
2025,12,3,15,30,2,15,10.8,321,29.2
2025,12,3,15,0,2.4,15,11.6,333,29.2
2025,12,3,14,30,2.1,15,10.5,323,29.2
2025,12,3,14,0,2.2,15,10.9,328,29.3
2025,12,3,13,30,2.4,15,10.9,327,29.2
2025,12,3,13,0,2,15,10.4,322,29.3
2025,12,3,12,30,2.2,15,10.6,327,29.4
2025,12,3,12,0,2,15,10.4,334,29.4
2025,12,3,11,30,2.2,15,11.4,330,29.5
2025,12,3,11,0,2.1,15,10.9,331,29.5
2025,12,3,10,30,2.1,15,11.2,334,29.5
2025,12,3,10,0,2.1,17,11.3,331,29.6
2025,12,3,9,30,2.2,17,11.2,326,29.6
2025,12,3,9,0,1.8,15,10.1,333,29.7
2025,12,3,8,30,2.1,17,11.6,324,29.7
2025,12,3,8,0,2,17,11.1,321,29.8
2025,12,3,7,30,2,15,11.4,320,29.8
2025,12,3,7,0,2,17,11.8,323,29.9
2025,12,3,6,30,1.7,15,10.8,314,30
2025,12,3,6,0,1.8,15,11.4,314,30
2025,12,3,5,30,1.9,17,11.9,331,29.9
2025,12,3,5,0,1.7,17,11.4,324,29.9
2025,12,3,4,30,1.8,15,11.4,309,30.1
2025,12,3,4,0,1.7,17,11.3,321,30.2
2025,12,3,3,30,2,17,12.1,315,30.4
2025,12,3,3,0,1.8,17,11.9,319,30.4
2025,12,3,2,30,1.9,17,11.9,327,30.3
2025,12,3,2,0,2,17,12.5,322,30.5
2025,12,3,1,30,1.9,17,12.3,320,30.5
2025,12,3,1,0,1.9,17,12.4,326,30.5
2025,12,3,0,30,1.9,17,12.1,318,30.4
2025,12,3,0,0,1.9,17,12.5,319,30.5
2025,12,2,23,30,1.9,17,12.7,325,30.6
2025,12,2,23,0,2,17,12.9,318,30.5
2025,12,2,22,30,1.7,17,12.4,327,30.4
2025,12,2,22,0,1.9,17,13.2,323,30
2025,12,2,21,30,MM,MM,MM,MM,29.7
2025,12,2,21,0,1.9,17,13.2,326,29.6
2025,12,2,20,30,2.1,18,14.1,322,29.4
2025,12,2,20,0,1.7,18,12.5,324,29.3
2025,12,2,19,30,1.6,18,12.3,323,29.3
2025,12,2,19,0,1.7,18,12.9,318,29.3
2025,12,2,18,30,1.4,18,11.6,327,29.3
2025,12,2,18,0,1.9,18,13.7,317,29.3
2025,12,2,17,30,1.6,18,12.1,318,29.3
2025,12,2,17,0,1.5,18,11.7,319,29.3
2025,12,2,16,30,1.6,18,12.1,320,29.3
2025,12,2,16,0,1.5,18,12.3,326,29.3
2025,12,2,15,30,1.4,18,11.6,324,29.3
2025,12,2,15,0,1.6,18,12.1,325,29.2
2025,12,2,14,30,1.6,18,11.9,325,29.3
2025,12,2,14,0,1.7,18,12.5,328,29.3
2025,12,2,13,30,1.4,18,11.1,320,29.4
2025,12,2,13,0,1.5,18,11.7,325,29.4
2025,12,2,12,30,1.4,18,11.4,323,29.4
2025,12,2,12,0,1.7,18,12.7,324,29.4
2025,12,2,11,30,1.5,18,11,324,29.4
2025,12,2,11,0,1.5,18,11.8,324,29.5
2025,12,2,10,30,1.5,18,11.8,324,29.5
2025,12,2,10,0,1.5,18,11.1,326,29.4
2025,12,2,9,30,1.5,18,11.3,323,29.5
2025,12,2,9,0,1.7,18,12.3,328,29.6
2025,12,2,8,30,1.8,20,12.7,327,29.7
2025,12,2,8,0,1.4,20,10.6,318,29.8
2025,12,2,7,30,1.6,20,11.7,326,29.8
2025,12,2,7,0,1.5,20,11.4,325,29.8
2025,12,2,6,30,1.4,20,10.6,322,29.9
2025,12,2,6,0,1.5,20,10.4,321,30
2025,12,2,5,30,1.4,13,9.7,340,30.1
2025,12,2,5,0,1.3,20,9.4,317,30.1
2025,12,2,4,30,1.2,14,8.6,344,29.9
2025,12,2,4,0,1.4,20,9.8,323,30.1
2025,12,2,3,30,1.5,20,10.2,318,30.1
2025,12,2,3,0,1.4,14,9.3,340,30.2
2025,12,2,2,30,1.3,14,8.9,340,30.2
2025,12,2,2,0,1.3,14,8.8,345,30.2
2025,12,2,1,30,1.4,20,9.6,320,30.1
2025,12,2,1,0,1.3,14,8.6,347,30.1
2025,12,2,0,30,1.3,14,9.4,343,30.2
2025,12,2,0,0,1.4,20,9.7,325,30.1
2025,12,1,23,30,1.4,14,9.6,348,29.8
2025,12,1,23,0,1.3,14,8.4,344,29.7
2025,12,1,22,30,1.3,14,8.7,343,29.5
2025,12,1,22,0,1.3,14,8.6,339,29.4
2025,12,1,21,30,1.3,14,8.9,346,29.3
2025,12,1,21,0,1.4,14,9.6,338,29.2
2025,12,1,20,30,1.4,14,9.8,347,29.1
2025,12,1,20,0,1.3,14,8.9,343,29
2025,12,1,19,30,1.3,15,9.1,348,29
2025,12,1,19,0,1.3,15,9.4,344,29
2025,12,1,18,30,1.3,14,9.1,343,28.9
2025,12,1,18,0,1.4,14,9.6,342,28.9
2025,12,1,17,30,1.3,14,8.8,344,28.9
2025,12,1,17,0,1.3,14,8.9,347,28.9
2025,12,1,16,30,1.3,14,8.9,346,28.9
2025,12,1,16,0,1.2,14,8.3,336,28.9
2025,12,1,15,30,1.3,14,8.7,343,28.8
2025,12,1,15,0,1.3,15,8.5,333,28.8
2025,12,1,14,30,1.3,15,8,343,28.9
2025,12,1,14,0,1.4,14,8.5,357,28.9
2025,12,1,13,30,1.2,14,7.8,339,28.9
2025,12,1,13,0,1.3,15,8,342,28.8
2025,12,1,12,30,1.5,14,8.9,350,28.8
2025,12,1,12,0,1.3,15,8.2,337,28.8
2025,12,1,11,30,1.3,14,8.1,348,28.8
2025,12,1,11,0,1.4,15,8.2,354,28.7
2025,12,1,10,30,1.3,15,7.9,349,28.7
2025,12,1,10,0,1.6,15,8.6,347,28.7
2025,12,1,9,30,1.4,14,8.3,348,28.7
2025,12,1,9,0,1.5,15,8.3,346,28.7
2025,12,1,8,30,1.4,13,7.9,349,28.7
2025,12,1,8,0,1.4,15,8.2,350,28.7
2025,12,1,7,30,1.5,15,8.4,349,28.8
2025,12,1,7,0,1.4,15,8.1,356,28.7
2025,12,1,6,30,1.6,15,8.6,351,28.7
2025,12,1,6,0,1.4,15,8.3,348,28.7
2025,12,1,5,30,1.4,14,8.1,348,28.5
2025,12,1,5,0,1.5,14,8,348,28.8
2025,12,1,4,30,1.5,15,7.5,344,28.8
2025,12,1,4,0,1.5,14,7.9,344,28.8
2025,12,1,3,30,1.4,13,7.3,340,28.8
2025,12,1,3,0,1.5,14,7.7,340,28.8
2025,12,1,2,30,1.4,14,7.1,348,28.7
2025,12,1,2,0,1.5,15,7.8,354,28.6
2025,12,1,1,30,1.5,14,7.3,342,28.5
2025,12,1,1,0,1.5,14,7.8,339,28.4
2025,12,1,0,30,1.5,13,8.2,349,28.4
2025,12,1,0,0,1.6,14,8.4,340,28.3
2025,11,30,22,30,1.5,15,9,345,28.1
2025,11,30,22,0,1.5,15,8.9,342,28.2
2025,11,30,21,30,1.5,15,9.4,348,28.3
2025,11,30,21,0,1.3,15,8.8,341,27.7
2025,11,30,20,30,1.3,15,8.1,342,28
2025,11,30,20,0,1.5,15,9.1,338,28.7
2025,11,30,19,30,1.4,15,8.8,339,28.6
2025,11,30,19,0,1.6,15,9.6,341,28.7
2025,11,30,18,30,1.4,15,8.7,346,28.8
2025,11,30,18,0,1.4,15,9.2,344,28.8
2025,11,30,17,30,1.4,15,8.9,342,28.8
2025,11,30,17,0,1.3,15,8.5,346,28.8
2025,11,30,16,30,1.4,15,8.4,332,28.8
2025,11,30,16,0,1.3,15,8.1,344,28.9
2025,11,30,15,30,1.5,15,8.7,341,28.9
2025,11,30,15,0,1.5,15,8.6,340,29
2025,11,30,14,30,1.3,15,8.2,338,29
2025,11,30,14,0,1.4,17,8.6,337,29
2025,11,30,13,30,1.3,17,8.3,344,29
2025,11,30,13,0,1.3,15,8,333,29
2025,11,30,12,30,1.4,15,8.6,340,29
2025,11,30,12,0,1.6,15,8.9,334,29
2025,11,30,11,30,1.5,15,8.5,343,29
2025,11,30,11,0,1.4,15,8.5,334,29
2025,11,30,10,30,1.4,15,8,338,29
2025,11,30,10,0,1.4,17,8,329,29
2025,11,30,9,30,1.4,15,8,332,29
2025,11,30,9,0,1.4,15,7.8,335,29
2025,11,30,8,30,1.4,15,8.2,340,29
2025,11,30,8,0,1.4,17,8.3,333,29
2025,11,30,7,30,1.4,17,7.4,336,29
2025,11,30,7,0,1.3,15,6.9,338,29
2025,11,30,6,30,1.5,17,7.2,330,29
2025,11,30,6,0,1.5,17,6.9,341,29
2025,11,30,5,30,1.4,17,6.5,338,29
2025,11,30,5,0,1.4,17,6.6,336,29
2025,11,30,4,30,1.5,17,6.9,336,29
2025,11,30,4,0,1.4,17,6.7,339,29.1
2025,11,30,3,30,1.4,17,6.9,337,29
2025,11,30,3,0,1.4,17,6.9,339,29
2025,11,30,2,30,1.4,17,6.9,342,29
2025,11,30,2,0,1.4,17,6.4,343,29.1
2025,11,30,1,30,1.4,17,6.1,348,29
2025,11,30,1,0,1.6,9,6.5,30,29.1
2025,11,30,0,30,1.5,17,5.9,333,29
2025,11,30,0,0,1.5,17,6.1,343,29
2025,11,29,23,30,1.5,17,6.5,338,29
2025,11,29,23,0,1.4,17,6.3,340,29
2025,11,29,22,30,1.5,9,6.6,50,29
2025,11,29,22,0,1.5,17,6.5,333,29
2025,11,29,21,30,1.5,17,6.7,334,29
2025,11,29,21,0,1.4,10,6.2,11,29
2025,11,29,20,30,1.6,8,6.5,42,29
2025,11,29,20,0,1.5,10,6.6,14,29
2025,11,29,19,30,1.5,17,6.5,347,29
2025,11,29,19,0,1.5,9,6.4,36,29
2025,11,29,18,30,1.5,17,6.3,327,29
2025,11,29,18,0,1.5,10,6.4,53,29
2025,11,29,17,30,1.5,9,6.4,46,29
2025,11,29,17,0,1.5,10,6.8,43,29
2025,11,29,16,30,1.5,10,6.8,30,29
2025,11,29,16,0,1.4,10,6.7,47,29
2025,11,29,15,30,1.4,9,6.6,44,28.9
2025,11,29,15,0,1.5,10,7.1,41,28.9
2025,11,29,14,30,1.4,10,6.7,47,28.9
2025,11,29,14,0,1.4,9,6.5,51,28.9
2025,11,29,13,30,1.4,8,6.8,41,28.8
2025,11,29,13,0,1.3,10,6.6,39,28.8
2025,11,29,12,30,1.4,9,6.7,34,28.7
2025,11,29,12,0,1.5,10,6.9,31,28.7
2025,11,29,11,30,1.5,10,6.8,18,28.7
2025,11,29,11,0,1.6,9,7,33,28.7
2025,11,29,10,30,1.5,8,6.7,37,28.7
2025,11,29,10,0,1.5,9,6.8,35,28.7
2025,11,29,9,30,1.5,7,6.7,29,28.8
2025,11,29,9,0,1.5,9,7,20,28.7
2025,11,29,8,30,1.4,9,6.8,41,28.7
2025,11,29,8,0,1.6,10,7,2,28.6
2025,11,29,7,30,1.5,10,7,52,28.7
2025,11,29,7,0,1.5,10,7,51,28.7
2025,11,29,6,30,1.5,7,7.1,26,28.8
2025,11,29,6,0,1.4,10,6.8,16,28.8
2025,11,29,5,30,1.4,10,6.7,310,28.9
2025,11,29,5,0,1.4,8,6.7,19,28.9
2025,11,29,4,30,1.4,10,6.9,35,28.9
2025,11,29,4,0,1.3,10,6.8,16,28.9
2025,11,29,3,30,1.5,12,7.4,225,29
2025,11,29,3,0,1.4,12,7.2,198,29.1
2025,11,29,2,30,1.3,11,6.6,298,29.1
2025,11,29,2,0,1.3,13,6.6,220,29.1
2025,11,29,1,30,1.3,12,6.5,231,29.1
2025,11,29,1,0,1.3,9,6.3,28,29.2
2025,11,29,0,30,1.4,13,6.5,206,29.1
2025,11,29,0,0,1.3,13,6.4,220,29.1
2025,11,28,23,30,1.3,12,6.2,251,29
2025,11,28,23,0,1.2,13,6.2,219,28.9
2025,11,28,22,30,1.3,13,6.5,259,28.8
2025,11,28,22,0,1.3,11,7.1,8,28.8
2025,11,28,21,30,1.3,13,7.2,179,28.8
2025,11,28,21,0,1.2,13,7.2,193,28.6
2025,11,28,20,30,1.2,13,7.4,212,28.3
2025,11,28,20,0,1.2,13,7.1,201,28
2025,11,28,19,30,1.4,13,7.8,210,28.2
2025,11,28,19,0,1.2,13,7.3,224,27.7
2025,11,28,18,30,1.2,9,7.8,41,27.7
2025,11,28,18,0,1.2,13,8.1,212,27.9
2025,11,28,17,30,1.1,11,7.3,335,28.5
2025,11,28,17,0,1.2,13,7.9,271,28.7
2025,11,28,16,30,1.2,13,7.8,235,28.7
2025,11,28,16,0,MM,MM,MM,MM,28.6
2025,11,28,15,30,1.2,10,7.5,56,28.5
2025,11,28,15,0,1.3,13,7.8,241,28.7
2025,11,28,14,30,1.2,10,7.4,34,28.7
2025,11,28,14,0,1.3,10,7.6,45,28.7
2025,11,28,13,30,1.3,13,7.5,249,28.7
2025,11,28,13,0,1.3,13,7.2,255,28.9
2025,11,28,12,30,1.3,13,7.3,247,28.9
2025,11,28,12,0,1.4,10,7.2,53,28.9
2025,11,28,11,30,1.4,13,7.6,283,29
2025,11,28,11,0,1.4,13,7.3,261,29
2025,11,28,10,30,1.4,13,7.3,272,29
2025,11,28,10,0,1.4,10,7.1,36,29
2025,11,28,9,30,1.5,13,7.2,256,29
2025,11,28,9,0,1.4,9,7,55,29
2025,11,28,8,30,1.5,13,7,301,29
2025,11,28,8,0,1.5,10,7.2,53,29
2025,11,28,7,30,1.6,13,7.1,261,29
2025,11,28,7,0,1.6,8,6.9,31,29
2025,11,28,6,30,1.6,13,7.2,308,29
2025,11,28,6,0,1.6,10,7,27,29
2025,11,28,5,30,1.6,13,6.9,281,29
2025,11,28,5,0,1.5,13,6.6,283,29
2025,11,28,4,30,1.6,13,6.7,304,29
2025,11,28,4,0,1.5,9,6.4,38,29.1
2025,11,28,3,30,1.5,10,6.2,29,29.1
2025,11,28,3,0,1.6,13,6.6,301,29.1
2025,11,28,2,30,1.6,13,6.3,272,29.1
2025,11,28,2,0,1.5,13,6.6,283,29.1
2025,11,28,1,30,1.6,13,6.4,304,29
2025,11,28,1,0,1.5,13,6.3,271,29
2025,11,28,0,30,1.6,13,6.3,259,29.1
2025,11,28,0,0,1.5,9,6.1,43,29.1
2025,11,27,23,30,1.6,10,6.3,38,29.1
2025,11,27,23,0,1.6,10,5.9,77,29
2025,11,27,22,30,1.6,10,5.9,41,29
2025,11,27,22,0,1.6,10,6.5,53,29
2025,11,27,21,30,1.6,12,6.8,244,29.1
2025,11,27,21,0,1.5,12,6.3,242,29.1
2025,11,27,20,30,1.5,13,6.3,266,29.1
2025,11,27,20,0,1.5,12,6.4,289,29.1
2025,11,27,19,30,1.6,13,6.6,263,29.1
2025,11,27,19,0,1.5,13,6.2,314,29.1
2025,11,27,18,30,1.5,10,6.1,23,29.1
2025,11,27,18,0,1.6,13,6.6,288,29.1
2025,11,27,17,30,1.5,13,6.4,300,29.1
2025,11,27,17,0,1.5,10,6.3,62,29.1
2025,11,27,16,30,1.6,13,6.4,270,29
2025,11,27,16,0,1.7,12,6.3,275,29
2025,11,27,15,30,1.6,11,6,299,29
2025,11,27,15,0,1.6,13,6.1,270,29
2025,11,27,14,30,1.5,11,6.3,50,29.1
2025,11,27,14,0,1.5,10,6.6,33,29.1
2025,11,27,13,30,1.6,13,6.7,250,29.1
2025,11,27,13,0,1.6,11,6.7,46,29.1
2025,11,27,12,30,1.6,13,6.9,241,29.1
2025,11,27,12,0,1.6,13,6.7,268,29.1
2025,11,27,11,30,1.6,13,6.6,256,29.1
2025,11,27,11,0,1.6,13,6.3,279,29.1
2025,11,27,10,30,1.7,13,6.4,288,29.1
2025,11,27,10,0,1.6,13,6.4,305,29.2
2025,11,27,9,30,1.6,13,6.3,266,29.2
2025,11,27,9,0,1.6,13,6.2,289,29.2
2025,11,27,8,30,1.5,13,5.8,279,29.2
2025,11,27,8,0,1.5,10,6.1,37,29.2
2025,11,27,7,30,1.6,10,6,47,29.2
2025,11,27,7,0,1.5,13,5.9,296,29.2
2025,11,27,6,30,1.5,13,6.2,293,29.1
2025,11,27,6,0,1.6,13,6.2,293,29.1
2025,11,27,5,30,1.5,10,5.9,28,29.2
2025,11,27,5,0,1.4,10,5.9,41,29.3
2025,11,27,4,30,1.6,10,7.2,58,29.3
2025,11,27,4,0,1.5,10,7.1,52,29.4
2025,11,27,3,30,1.6,14,7.4,302,29.5
2025,11,27,3,0,1.5,10,7.2,36,29.5
2025,11,27,2,30,1.5,10,7.3,27,29.6
2025,11,27,2,0,1.5,10,7.2,38,29.4
2025,11,27,1,30,1.5,13,7.3,315,29.3
2025,11,27,1,0,1.5,13,7.4,302,29.2
2025,11,27,0,30,1.5,13,7.8,290,29.2
2025,11,27,0,0,1.5,10,7.7,31,29.3
2025,11,26,23,30,1.5,13,7.5,290,29.2
2025,11,26,23,0,1.6,9,7.6,43,29
2025,11,26,22,30,1.6,14,7.2,308,29
2025,11,26,22,0,1.8,14,7.5,314,29
2025,11,26,21,30,1.5,13,7.5,312,28.9
2025,11,26,21,0,1.5,10,7.8,33,29
2025,11,26,20,30,1.7,9,7.9,26,29
2025,11,26,20,0,1.7,9,7.8,38,28.9
2025,11,26,19,30,1.7,10,7.9,22,29
2025,11,26,19,0,1.7,14,7.8,321,29
2025,11,26,18,30,1.7,10,7.9,27,29
2025,11,26,18,0,1.8,9,8.2,30,28.9
2025,11,26,17,30,1.7,10,7.9,20,28.9
2025,11,26,17,0,1.9,9,8.1,26,29
2025,11,26,16,30,1.8,14,8.1,301,29
2025,11,26,16,0,1.8,10,8.1,13,29
2025,11,26,15,30,1.8,10,8.1,24,29
2025,11,26,15,0,1.7,8,8.2,38,29
2025,11,26,14,30,1.7,9,8,37,29.1
2025,11,26,14,0,1.7,8,8,51,29.1
2025,11,26,13,30,1.7,9,8.2,39,29.1
2025,11,26,13,0,1.8,10,8.3,26,29.2
2025,11,26,12,30,1.7,9,8.2,38,29.2
2025,11,26,12,0,1.7,9,8.2,44,29.2
2025,11,26,11,30,1.7,10,8.1,42,29.2
2025,11,26,11,0,1.7,10,8.3,29,29.2
2025,11,26,10,30,1.7,14,8.2,295,29.3
2025,11,26,10,0,1.8,10,8.3,30,29.2
2025,11,26,9,30,1.7,10,8,32,29.2
2025,11,26,9,0,1.7,10,7.9,20,29.2
2025,11,26,8,30,1.7,10,8.2,33,29.2
2025,11,26,8,0,1.7,9,7.9,48,29.2
2025,11,26,7,30,1.6,10,7.6,39,29.3
2025,11,26,7,0,1.8,9,8,42,29.3
2025,11,26,6,30,1.7,9,8,59,29.4
2025,11,26,6,0,1.7,15,8,328,29.4
2025,11,26,5,30,1.8,10,8.1,38,29.4
2025,11,26,5,0,1.7,10,7.5,53,MM
2025,11,26,4,30,1.7,15,7.9,318,29.5
2025,11,26,4,0,1.8,11,7.8,26,29.5
2025,11,26,3,30,1.6,10,7.6,51,29.4
2025,11,26,3,0,1.7,15,7.8,310,29.6
2025,11,26,2,30,1.6,10,7.5,59,29.5
2025,11,26,2,0,1.6,10,7.6,51,29.5
2025,11,26,1,30,1.6,9,7.4,55,29.5
2025,11,26,1,0,1.6,9,7.2,104,29.4
2025,11,26,0,30,1.6,10,7.3,66,29.4
2025,11,26,0,0,1.6,10,7.4,28,29.3
2025,11,25,23,30,1.6,11,7.2,22,29.2
2025,11,25,23,0,1.6,15,7.6,309,29.2
2025,11,25,22,30,1.5,10,7.6,82,29.1
2025,11,25,22,0,1.5,10,7.5,50,29.1
2025,11,25,21,30,1.5,9,7.7,72,29
2025,11,25,21,0,1.6,11,7.9,23,29
2025,11,25,20,30,1.5,14,7.8,240,29
2025,11,25,20,0,1.6,10,8,61,29
2025,11,25,19,30,1.6,11,7.6,16,28.9
2025,11,25,19,0,1.5,15,7.7,288,28.9
2025,11,25,18,30,1.5,11,7.5,37,28.9
2025,11,25,18,0,1.6,9,7.5,90,28.9
2025,11,25,17,30,1.5,15,7.6,282,28.9
2025,11,25,17,0,1.5,11,7.3,10,28.9
2025,11,25,16,30,1.5,11,7.3,355,28.9
2025,11,25,16,0,1.6,9,7.5,75,28.9
2025,11,25,15,30,1.5,9,7.5,73,28.9
2025,11,25,15,0,1.6,14,7.5,216,28.9
2025,11,25,14,30,1.5,8,7.3,117,28.9
2025,11,25,14,0,1.5,10,7.6,68,28.9
2025,11,25,13,30,1.5,9,7.3,137,28.9
2025,11,25,13,0,1.5,10,7.1,33,28.9
2025,11,25,12,30,1.5,10,7.3,81,29
2025,11,25,12,0,1.6,10,7.5,31,29
2025,11,25,11,30,1.6,9,7.5,78,29
2025,11,25,11,0,1.4,9,7.1,121,29
2025,11,25,10,30,1.6,10,7.1,130,29
2025,11,25,10,0,1.4,10,7.1,35,29
2025,11,25,9,30,1.5,9,7.2,85,29
2025,11,25,9,0,1.6,10,7.2,13,29
2025,11,25,8,30,1.6,10,7,19,29
2025,11,25,8,0,1.5,11,6.6,342,29
2025,11,25,7,30,1.6,10,6.7,357,29
2025,11,25,7,0,1.5,10,6.4,12,29
2025,11,25,6,30,1.6,11,6.4,353,29
2025,11,25,6,0,1.6,8,6.2,60,29
2025,11,25,5,30,1.8,10,6.5,14,29
2025,11,25,5,0,1.6,11,6,357,29
2025,11,25,4,30,1.7,10,6.2,13,29
2025,11,25,4,0,1.7,10,6.2,52,29
2025,11,25,3,30,1.6,9,6.2,67,29.1
2025,11,25,3,0,1.8,10,6.6,23,29.1
2025,11,25,2,30,1.7,12,6.5,350,29.1
2025,11,25,2,0,1.7,10,6.5,53,29.1
2025,11,25,1,30,1.7,11,6.1,344,29.1
2025,11,25,1,0,1.8,11,6.5,349,29
2025,11,25,0,30,1.7,8,6.4,77,29.1
2025,11,25,0,0,1.8,11,6.6,354,29
2025,11,24,23,30,1.7,11,6.2,355,29
2025,11,24,23,0,1.8,10,6.3,70,28.9
2025,11,24,22,30,1.9,10,6.3,56,28.9
2025,11,24,22,0,1.8,11,6.1,8,28.9
2025,11,24,21,30,1.8,11,6.1,350,28.9
2025,11,24,21,0,1.9,11,6.2,356,28.8
2025,11,24,20,30,1.8,10,6.3,31,28.9
2025,11,24,20,0,1.9,11,6.5,349,28.8
2025,11,24,19,30,1.9,13,6.5,336,28.8
2025,11,24,19,0,1.9,11,6.4,19,28.8
2025,11,24,18,30,2,11,6.6,353,28.7
2025,11,24,18,0,1.9,11,6.5,350,28.7
2025,11,24,17,30,1.8,11,6.4,350,28.7
2025,11,24,17,0,1.9,12,6.9,337,28.7
2025,11,24,16,30,1.8,13,6.6,337,28.8
2025,11,24,16,0,1.9,13,6.7,338,28.8
2025,11,24,15,30,1.9,13,6.8,331,28.8
2025,11,24,15,0,2,12,7,346,28.8
2025,11,24,14,30,1.8,13,7,343,28.8
2025,11,24,14,0,1.8,13,6.8,342,28.9
2025,11,24,13,30,1.8,12,7.2,340,28.9
2025,11,24,13,0,1.8,13,7.2,333,28.9
2025,11,24,12,30,1.8,10,7.3,131,28.9
2025,11,24,12,0,1.7,10,7,112,28.9
2025,11,24,11,30,1.8,13,7.5,336,28.9
2025,11,24,11,0,1.8,13,7.8,336,28.9
2025,11,24,10,30,1.5,12,7.4,344,29
2025,11,24,10,0,1.7,13,7.9,325,29
2025,11,24,9,30,1.6,13,7.9,311,29
2025,11,24,9,0,1.6,13,7.9,323,29
2025,11,24,8,30,1.6,13,8,346,28.9
2025,11,24,8,0,1.7,13,8,336,29
2025,11,24,7,30,1.6,11,7.6,120,29
2025,11,24,7,0,1.5,13,7.3,327,29
2025,11,24,6,30,1.6,13,7.5,333,29
2025,11,24,6,0,1.6,12,7.2,339,29
2025,11,24,5,30,1.6,13,7.5,315,29
2025,11,24,5,0,1.7,13,7.9,333,29.1
2025,11,24,4,30,1.7,13,7.8,334,29.1
2025,11,24,4,0,1.5,13,7.2,317,29.1
2025,11,24,3,30,1.6,13,7.5,320,29.1
2025,11,24,3,0,1.6,13,7.6,317,29.1
2025,11,24,2,30,1.6,13,7.2,319,29.1
2025,11,24,2,0,1.6,13,7.3,338,29.1
2025,11,24,1,30,1.5,13,7.1,322,29
2025,11,24,1,0,1.6,13,7.4,316,29
2025,11,24,0,30,1.4,14,6.9,318,29
2025,11,24,0,0,1.5,13,7.2,324,29
2025,11,23,23,30,1.5,14,7,336,29
2025,11,23,23,0,1.6,13,7.3,328,29
2025,11,23,22,30,1.6,14,7.1,332,28.9
2025,11,23,22,0,1.5,13,7.3,318,28.9
2025,11,23,21,30,1.6,14,7.7,334,28.8
2025,11,23,21,0,1.5,13,6.9,321,28.7
2025,11,23,20,30,1.6,14,7.3,331,28.8
2025,11,23,20,0,1.7,13,7.5,272,28.8
2025,11,23,19,30,1.6,13,7.2,315,28.8
2025,11,23,19,0,1.6,13,7,315,28.8
2025,11,23,18,30,1.6,13,7.1,299,28.7
2025,11,23,18,0,1.5,13,6.8,275,28.7
2025,11,23,17,30,1.5,10,6.6,146,28.7
2025,11,23,17,0,1.5,13,6.4,285,28.7
2025,11,23,16,30,1.5,14,6.7,296,28.7
2025,11,23,16,0,1.6,13,7.2,242,28.7
2025,11,23,15,30,1.5,10,6.8,140,28.7
2025,11,23,15,0,1.6,14,7.5,253,28.7
2025,11,23,14,30,1.6,13,8,293,28.7
2025,11,23,14,0,1.4,10,7.2,140,28.7
2025,11,23,13,30,1.6,13,7.5,294,28.7
2025,11,23,13,0,1.6,14,7.6,260,28.7
2025,11,23,12,30,1.6,8,7.6,109,28.7
2025,11,23,12,0,1.7,10,7.7,142,28.7
2025,11,23,11,30,1.6,10,7.6,139,28.7
2025,11,23,11,0,1.6,10,7.5,152,28.7
2025,11,23,10,30,1.6,10,7.4,145,28.7
2025,11,23,10,0,1.5,9,7.3,145,28.8
2025,11,23,9,30,1.6,10,7.2,149,28.8
2025,11,23,9,0,1.6,10,7.2,146,28.8
2025,11,23,8,30,1.6,10,6.8,149,28.8
2025,11,23,8,0,1.5,9,6.7,139,28.8
2025,11,23,7,30,1.5,9,6.4,140,28.7
2025,11,23,7,0,1.6,10,6.5,149,28.7
2025,11,23,6,30,1.7,9,6.4,121,28.7
2025,11,23,6,0,1.7,8,6.1,105,28.7
2025,11,23,5,30,1.8,10,6.1,137,28.7
2025,11,23,5,0,1.8,10,6.2,137,28.7
2025,11,23,4,30,1.8,10,5.6,145,28.8
2025,11,23,4,0,1.8,11,5.8,141,28.8
2025,11,23,3,30,1.8,10,6.5,138,28.8
2025,11,23,3,0,1.7,10,6.5,147,28.8
2025,11,23,2,30,1.7,10,6.5,126,28.8
2025,11,23,2,0,1.7,11,6.3,144,28.8
2025,11,23,1,30,1.7,11,6.2,143,28.8
2025,11,23,1,0,1.7,7,6,58,28.8
2025,11,23,0,30,1.7,9,6.4,143,28.9
2025,11,23,0,0,1.7,10,6.7,122,28.9
2025,11,22,23,30,1.5,9,6.8,129,28.9
2025,11,22,23,0,1.6,10,7.1,152,29
2025,11,22,22,30,1.6,9,6.7,111,29
2025,11,22,22,0,1.6,10,6.9,139,28.9
2025,11,22,21,30,1.7,9,7.1,126,28.8
2025,11,22,21,0,1.7,10,6.9,136,28.7
2025,11,22,20,30,1.8,10,7.1,130,28.6
2025,11,22,20,0,1.7,10,6.8,138,28.8
2025,11,22,19,30,1.7,10,6.7,145,28.8
2025,11,22,19,0,1.6,10,6.3,141,28.7
2025,11,22,18,30,1.7,11,6.6,148,28.7
2025,11,22,18,0,1.8,8,6.5,64,28.7
2025,11,22,17,30,1.9,11,6.7,141,28.7
2025,11,22,17,0,1.8,8,6.4,58,28.7
2025,11,22,16,30,1.9,11,6.2,140,28.7
2025,11,22,16,0,1.8,7,6.2,53,28.6
2025,11,22,15,30,2,8,6.7,54,28.7
2025,11,22,15,0,1.9,8,6.5,52,28.7
2025,11,22,14,30,1.8,11,6.7,143,28.7
2025,11,22,14,0,1.8,8,6.7,76,28.7
2025,11,22,13,30,1.6,8,6.9,74,28.7
2025,11,22,13,0,1.7,9,7.1,104,28.7
2025,11,22,12,30,1.7,11,7,139,28.6
2025,11,22,12,0,1.6,11,6.7,132,28.6
2025,11,22,11,30,1.7,10,7.1,123,28.6
2025,11,22,11,0,1.6,11,7,140,28.7
2025,11,22,10,30,1.7,10,7.2,116,28.7
2025,11,22,10,0,1.6,11,7.2,139,28.7
2025,11,22,9,30,1.7,10,7.2,116,28.8
2025,11,22,9,0,1.7,10,6.9,127,28.8
2025,11,22,8,30,1.6,10,6.4,133,28.7
2025,11,22,8,0,1.7,11,6.4,129,28.9
2025,11,22,7,30,1.7,11,7.1,135,28.9
2025,11,22,7,0,1.6,9,7.2,119,28.9
2025,11,22,6,30,1.6,10,7.1,120,28.9
2025,11,22,6,0,1.7,11,7.2,125,28.9
2025,11,22,5,30,1.7,11,7.2,137,29
2025,11,22,5,0,1.6,11,7.1,123,29
2025,11,22,4,30,1.6,11,7.1,126,29
2025,11,22,4,0,1.6,11,7.2,121,29
2025,11,22,3,30,1.7,10,7.4,130,29.1
2025,11,22,3,0,1.7,11,7.3,125,29.1
2025,11,22,2,30,1.6,11,7.2,135,29.1
2025,11,22,2,0,1.7,10,7.3,140,29.1
2025,11,22,1,30,1.6,11,7.3,141,29
2025,11,22,1,0,1.7,9,7.4,101,29
2025,11,22,0,30,1.7,11,7.4,148,28.9
2025,11,22,0,0,1.6,11,7.1,153,28.9
2025,11,21,23,30,1.8,11,7.6,140,28.9
2025,11,21,23,0,1.6,11,7.2,146,28.9
2025,11,21,22,30,1.8,9,7.2,137,28.9
2025,11,21,22,0,1.8,11,7.5,147,28.8
2025,11,21,21,30,1.6,11,7.2,152,28.8
2025,11,21,21,0,1.6,11,7.1,139,28.8
2025,11,21,20,30,1.7,10,7,139,28.8
2025,11,21,20,0,1.7,10,7.1,147,28.8
2025,11,21,19,30,1.8,10,7.5,148,28.8
2025,11,21,19,0,1.9,11,7.5,146,28.8
2025,11,21,18,30,1.5,11,7,156,28.8
2025,11,21,18,0,1.6,10,7.1,118,28.8
2025,11,21,17,30,1.6,11,7.4,142,28.8
2025,11,21,17,0,1.5,10,7.2,112,28.8
2025,11,21,16,30,1.5,11,7.2,110,28.8
2025,11,21,16,0,1.6,11,7.5,137,28.8
2025,11,21,15,30,1.7,11,7.6,98,28.8
2025,11,21,15,0,1.6,11,7.3,121,28.8
2025,11,21,14,30,1.6,10,7.4,105,28.7
2025,11,21,14,0,1.6,11,7.2,123,28.7
2025,11,21,13,30,1.5,11,7.1,132,28.7
2025,11,21,13,0,1.6,11,7.5,135,28.7
2025,11,21,12,30,1.7,11,7.7,105,28.7
2025,11,21,12,0,1.6,10,7.5,135,28.7
2025,11,21,11,30,1.6,11,7.4,133,28.7
2025,11,21,11,0,1.6,11,7.4,129,28.7
2025,11,21,10,30,1.6,10,7.1,133,28.7
2025,11,21,10,0,1.7,10,7.1,113,28.8
2025,11,21,9,30,1.8,10,7.6,136,28.8
2025,11,21,9,0,1.8,10,7.3,130,28.8
2025,11,21,8,30,1.7,10,7.2,141,28.8
2025,11,21,8,0,1.8,11,7.4,143,28.8
2025,11,21,7,30,1.7,10,7.2,141,28.9
2025,11,21,7,0,1.7,10,7.2,133,28.9
2025,11,21,6,30,1.7,11,7.1,134,28.9
2025,11,21,6,0,1.6,10,6.9,146,28.9
2025,11,21,5,30,1.7,10,6.9,137,28.9
2025,11,21,5,0,1.7,10,6.8,144,28.9
2025,11,21,4,30,1.7,11,6.6,143,28.8
2025,11,21,4,0,1.8,11,6.7,150,28.8
2025,11,21,3,30,1.8,11,7,138,28.8
2025,11,21,3,0,1.8,10,7.2,143,28.8
2025,11,21,2,30,1.7,10,6.8,147,28.8
2025,11,21,2,0,1.8,10,6.7,147,28.9
2025,11,21,1,30,1.8,11,6.5,142,28.9
2025,11,21,1,0,1.9,11,6.5,133,28.9
2025,11,21,0,30,1.9,11,6.6,139,28.8
2025,11,21,0,0,1.8,10,6.5,142,28.8
2025,11,20,23,30,1.8,10,6.6,138,28.8
2025,11,20,23,0,1.8,11,7,142,28.8
2025,11,20,22,30,1.8,11,6.8,122,28.8
2025,11,20,22,0,2,11,7,138,28.8
2025,11,20,21,30,2,11,7.2,126,28.8
2025,11,20,21,0,1.8,11,6.9,134,28.8
2025,11,20,20,30,1.8,10,7,147,28.9
2025,11,20,20,0,1.8,10,7.2,147,28.9
2025,11,20,19,30,1.8,11,7.5,154,28.9
2025,11,20,19,0,1.8,11,7.8,144,28.9
2025,11,20,18,30,1.8,11,8,136,28.9
2025,11,20,18,0,1.8,10,8,144,28.9
2025,11,20,17,30,1.6,11,7.4,146,28.9
2025,11,20,17,0,1.7,10,7.2,139,28.9
2025,11,20,16,30,1.7,11,7,115,28.7
2025,11,20,16,0,1.8,10,7.3,151,28.7
2025,11,20,15,30,1.6,11,6.9,128,28.7
2025,11,20,15,0,1.6,10,7,139,28.7
2025,11,20,14,30,1.6,10,7.2,121,28.7
2025,11,20,14,0,1.6,11,7.5,132,28.7
2025,11,20,13,30,1.7,10,7.5,122,28.7
2025,11,20,13,0,1.6,9,7.3,122,28.7
2025,11,20,12,30,1.6,10,7.4,140,28.8
2025,11,20,12,0,1.7,10,7.3,139,28.8
2025,11,20,11,30,1.6,11,7.2,48,28.8
2025,11,20,11,0,1.7,11,7.3,134,28.9
2025,11,20,10,30,1.8,11,7.5,152,28.9
2025,11,20,10,0,1.9,10,7.6,146,28.9
2025,11,20,9,30,1.7,11,7.4,135,29
2025,11,20,9,0,1.8,11,7.6,126,28.9
2025,11,20,8,30,1.6,10,7.4,141,28.9
2025,11,20,8,0,1.8,11,7.6,136,28.9
2025,11,20,7,30,1.8,10,7.3,107,28.9
2025,11,20,7,0,1.6,11,7.6,129,28.9
2025,11,20,6,30,1.8,11,7.7,130,28.9
2025,11,20,6,0,1.7,11,7.5,136,28.9
2025,11,20,5,30,1.7,10,7.4,120,28.9
2025,11,20,5,0,1.7,11,7.6,140,29
2025,11,20,4,30,1.8,10,7.8,145,29
2025,11,20,4,0,1.9,11,8.1,118,29
2025,11,20,3,30,1.8,11,7.6,122,29
2025,11,20,3,0,1.6,10,7.7,124,29.1
2025,11,20,2,30,1.7,11,7.7,115,29.1
2025,11,20,2,0,1.7,10,7.7,119,29.1
2025,11,20,1,30,1.7,11,7.7,136,29.1
2025,11,20,1,0,1.9,11,8.2,138,29.1
2025,11,20,0,30,1.9,11,8.3,136,29.1
2025,11,20,0,0,1.9,11,8.3,120,29.1
2025,11,19,23,30,1.7,10,8.2,127,29
2025,11,19,23,0,1.6,11,7.9,138,29
2025,11,19,22,30,1.8,10,8.2,115,29.1
2025,11,19,22,0,1.7,11,8.6,138,29.1
2025,11,19,21,30,1.9,10,8.6,140,28.9
2025,11,19,21,0,1.7,11,8.5,134,28.9
2025,11,19,20,30,1.6,11,8.3,147,28.9
2025,11,19,20,0,1.7,11,8.4,151,28.8
2025,11,19,19,30,1.7,11,8.6,132,28.8
2025,11,19,19,0,1.7,10,8.4,126,28.8
2025,11,19,18,30,1.7,11,8.4,134,28.8
2025,11,19,18,0,1.7,10,8.3,138,28.8
2025,11,19,17,30,1.7,11,8.6,136,28.7
2025,11,19,17,0,1.6,11,8.5,149,28.8
2025,11,19,16,30,1.6,11,8.4,111,28.7
2025,11,19,16,0,1.7,11,8.1,120,28.8
2025,11,19,15,30,1.5,11,8,128,28.7
2025,11,19,15,0,1.7,10,8.2,115,28.7
2025,11,19,14,30,1.7,11,8.2,106,28.8
2025,11,19,14,0,1.6,10,7.6,138,28.8
2025,11,19,13,30,1.8,11,8,129,28.8
2025,11,19,13,0,1.6,10,7.5,122,28.8
2025,11,19,12,30,1.7,11,7.5,69,28.8
2025,11,19,12,0,1.8,10,7.8,124,28.8
2025,11,19,11,30,1.6,10,7.4,95,28.8
2025,11,19,11,0,1.7,10,7.7,125,28.8
2025,11,19,10,30,1.7,10,7.5,117,28.8
2025,11,19,10,0,1.7,10,7.5,129,28.8
2025,11,19,9,30,1.7,10,7.8,139,28.8
2025,11,19,9,0,1.8,11,8,150,28.8
2025,11,19,8,30,1.8,11,8,165,28.8
2025,11,19,8,0,1.8,10,8,115,28.8
2025,11,19,7,30,1.8,10,8,103,28.9
2025,11,19,7,0,1.8,11,8.2,103,28.9
2025,11,19,6,30,1.8,11,8.3,138,28.9
2025,11,19,6,0,1.9,12,8.3,171,28.9
2025,11,19,5,30,1.8,11,8.2,98,28.9
2025,11,19,5,0,1.9,12,8.3,167,28.9
2025,11,19,4,30,1.8,11,8.2,144,29
2025,11,19,4,0,1.6,11,7.7,155,29
2025,11,19,3,30,1.8,10,7.9,92,29
2025,11,19,3,0,1.7,11,7.7,116,29.1
2025,11,19,2,30,1.7,11,8.1,127,29.6
2025,11,19,2,0,1.8,11,8.2,103,29.4
2025,11,19,1,30,1.8,11,8,84,29.4
2025,11,19,1,0,1.9,11,7.9,122,29.1
2025,11,19,0,30,1.8,10,8,104,28.9
2025,11,19,0,0,1.8,11,7.8,69,28.8
2025,11,18,23,30,1.7,11,7.7,85,28.8
2025,11,18,23,0,1.8,11,7.7,138,28.7
2025,11,18,22,30,1.8,10,7.6,121,28.7
2025,11,18,22,0,1.7,11,7.8,133,28.7
2025,11,18,21,30,1.8,11,7.9,126,28.7
2025,11,18,21,0,1.8,11,7.8,151,28.7
2025,11,18,20,30,1.7,11,7.4,121,28.7
2025,11,18,20,0,1.7,11,7.5,83,28.7
2025,11,18,19,30,1.7,11,7.2,69,28.7
2025,11,18,19,0,1.7,11,7.6,135,28.7
2025,11,18,18,30,1.7,10,7.8,153,28.7
2025,11,18,18,0,1.6,11,7.3,129,28.7
2025,11,18,17,30,1.8,11,8.1,91,28.7
2025,11,18,17,0,1.8,12,8,141,28.7
2025,11,18,16,30,1.9,11,8.3,139,28.7
2025,11,18,16,0,1.9,11,8.2,133,28.6
2025,11,18,15,30,1.7,11,8.1,131,28.7
2025,11,18,15,0,1.8,11,8.3,103,28.7
2025,11,18,14,30,1.7,11,8.2,134,28.6
2025,11,18,14,0,1.7,10,8.1,108,28.7
2025,11,18,13,30,1.7,10,8,86,28.7
2025,11,18,13,0,1.6,11,7.9,136,28.7
2025,11,18,12,30,1.8,12,8.4,115,28.7
2025,11,18,12,0,1.7,11,8.2,41,28.7
2025,11,18,11,30,1.6,10,7.7,104,28.7
2025,11,18,11,0,1.7,11,8,107,28.7
2025,11,18,10,30,1.7,11,8,131,28.7
2025,11,18,10,0,1.8,11,8.3,84,28.7
2025,11,18,9,30,1.9,12,8.3,105,28.7
2025,11,18,9,0,1.9,11,8.2,121,28.7
2025,11,18,8,30,1.9,11,8.3,132,28.6
2025,11,18,8,0,2,12,8.5,158,28.6
2025,11,18,7,30,1.9,11,8.2,149,28.7
2025,11,18,7,0,1.9,12,8.2,109,28.7
2025,11,18,6,30,1.8,11,8,94,28.7
2025,11,18,6,0,1.8,11,8.1,137,28.6
2025,11,18,5,30,1.8,11,8.3,115,28.5
2025,11,18,5,0,1.8,11,8.1,97,28.6
2025,11,18,4,30,1.7,11,7.7,120,28.6
2025,11,18,4,0,1.7,11,7.8,120,28.6
2025,11,18,3,30,1.8,12,7.8,85,28.6
2025,11,18,3,0,1.7,13,7.4,133,28.6
2025,11,18,2,30,1.7,12,7.3,95,28.6
2025,11,18,2,0,1.8,12,7.2,27,28.7
2025,11,18,1,30,MM,MM,MM,MM,28.6
2025,11,18,1,0,1.7,12,7.7,102,28.2
2025,11,18,0,30,1.8,12,8,72,28.2
2025,11,18,0,0,1.7,12,8.1,59,28.3
2025,11,17,23,30,1.7,11,7.8,56,28.4
2025,11,17,23,0,1.8,12,7.8,31,28.5
2025,11,17,22,30,1.8,12,7.7,22,28.6
2025,11,17,22,0,1.7,11,7.6,136,28.7
2025,11,17,21,30,1.8,10,7.5,47,28.8
2025,11,17,21,0,1.8,11,7.7,105,28.8
2025,11,17,20,30,1.8,11,7.7,167,28.8
2025,11,17,20,0,1.7,11,7.7,136,28.8
2025,11,17,19,30,1.8,13,7.7,322,28.7
2025,11,17,19,0,1.8,11,7.6,91,28.7
2025,11,17,18,30,1.8,12,7.5,163,28.7
2025,11,17,18,0,1.9,12,7.7,151,28.7
2025,11,17,17,30,1.8,11,7.2,112,28.7
2025,11,17,17,0,2.1,11,7.7,150,28.7
2025,11,17,16,30,2,12,7.4,136,28.7
2025,11,17,16,0,2,12,7.3,159,28.7
2025,11,17,15,30,2,12,7.1,138,28.7
2025,11,17,15,0,2,12,7.3,165,28.7
2025,11,17,14,30,2,8,7.3,195,28.7
2025,11,17,14,0,2,11,7.4,156,28.7
2025,11,17,13,30,2,11,7.9,116,28.7
2025,11,17,13,0,2.1,10,7.7,87,28.7
2025,11,17,12,30,2.1,12,7.9,128,28.7
2025,11,17,12,0,2.2,11,7.9,140,28.8
2025,11,17,11,30,2.1,9,8,225,28.8
2025,11,17,11,0,2.2,11,7.9,155,28.9
2025,11,17,10,30,2.1,9,7.8,235,28.9
2025,11,17,10,0,2.1,12,7.3,114,28.9
2025,11,17,9,30,2,10,7,258,28.9
2025,11,17,9,0,2.1,12,7.3,145,28.9
2025,11,17,8,30,2,12,7,179,28.9
2025,11,17,8,0,2,11,7.1,205,28.9
2025,11,17,7,30,2,13,7.2,67,28.9
2025,11,17,7,0,2,12,6.9,168,28.9
2025,11,17,6,30,2,12,7,145,29
2025,11,17,6,0,2,13,6.7,156,29
2025,11,17,5,30,2,13,6.7,358,29
2025,11,17,5,0,2.2,12,6.9,140,29
2025,11,17,4,30,2.1,13,6.7,357,29
2025,11,17,4,0,2.1,11,6.3,137,29
2025,11,17,3,30,2.1,12,6.3,175,29
2025,11,17,3,0,2.2,13,6.2,348,29
2025,11,17,2,30,2,13,6.2,11,29
2025,11,17,2,0,1.9,12,6.2,301,29
2025,11,17,1,30,1.9,12,6.3,70,29.1
2025,11,17,1,0,1.8,12,6.2,277,29
2025,11,17,0,30,1.7,13,6.3,311,29.1
2025,11,17,0,0,1.6,12,7.6,326,29.1
2025,11,16,23,30,1.6,12,7.5,298,29.1
2025,11,16,23,0,1.6,13,7.4,314,29.1
2025,11,16,22,30,1.7,13,7.9,343,29.1
2025,11,16,22,0,1.7,13,7.4,334,29.1
2025,11,16,21,30,1.6,12,7.7,260,29.1
2025,11,16,21,0,1.5,13,7.4,343,29.1
2025,11,16,20,30,1.5,13,7.7,328,29.1
2025,11,16,20,0,1.5,13,7.6,340,29.1
2025,11,16,19,30,1.5,13,7.5,339,29.1
2025,11,16,19,0,1.5,14,7.5,344,29.1
2025,11,16,18,30,1.5,14,7.4,358,29.1
2025,11,16,18,0,1.5,14,7.1,343,29.1
2025,11,16,17,30,1.5,14,7.5,336,29.1
2025,11,16,17,0,1.6,14,7.9,317,29.1
2025,11,16,16,30,1.6,14,8.1,339,29.1
2025,11,16,16,0,1.6,13,8.1,24,29.1
2025,11,16,15,30,1.6,14,8.1,339,29.1
2025,11,16,15,0,1.6,14,7.7,348,29.1
2025,11,16,14,30,1.8,14,8.4,342,29.1
2025,11,16,14,0,1.7,14,8.4,327,29.1
2025,11,16,13,30,1.6,13,7.9,348,29.2
2025,11,16,13,0,1.8,14,7.8,349,29.2
2025,11,16,12,30,1.6,14,7.2,349,29.2
2025,11,16,12,0,1.8,14,7.6,342,29.2
2025,11,16,11,30,1.8,13,7.8,349,29.2
2025,11,16,11,0,1.7,14,8.2,342,29.2
2025,11,16,10,30,1.6,13,8.2,353,29.2
2025,11,16,10,0,1.6,14,7.9,346,29.2
2025,11,16,9,30,1.6,13,7.9,353,29.2
2025,11,16,9,0,1.6,13,7.4,345,29.2
2025,11,16,8,30,1.7,13,7.5,347,29.3
2025,11,16,8,0,1.5,14,7.5,347,29.3
2025,11,16,7,30,1.5,14,8.5,341,29.2
2025,11,16,7,0,1.5,14,8.3,338,29.2
2025,11,16,6,30,1.5,13,7.9,352,29.4
2025,11,16,6,0,1.5,14,7.8,344,29.4
2025,11,16,5,30,1.5,14,7.9,339,29.4
2025,11,16,5,0,1.5,13,7.6,360,29.4
2025,11,16,4,30,1.5,13,8.3,343,29.4
2025,11,16,4,0,1.6,14,8.2,351,29.5
2025,11,16,3,30,1.5,14,7.7,353,29.5
2025,11,16,3,0,1.6,13,7.5,356,29.4
2025,11,16,2,30,1.5,13,7.3,347,29.1
2025,11,16,2,0,1.5,13,7,343,29
2025,11,16,1,30,1.6,13,7.5,348,29.1
2025,11,16,1,0,1.6,14,7.8,332,29.2
2025,11,16,0,30,1.5,14,7.7,334,29.2
2025,11,16,0,0,1.5,14,7.9,344,29.1
2025,11,15,23,30,MM,MM,MM,MM,29.1
2025,11,15,23,0,1.5,14,8.3,342,29.3
2025,11,15,22,30,1.6,13,9,339,29.3
2025,11,15,22,0,1.5,14,9.6,346,29.4
2025,11,15,21,30,1.4,14,8.4,352,29.3
2025,11,15,21,0,1.5,14,8.3,342,29.2
2025,11,15,20,30,1.6,14,9.2,353,29.2
2025,11,15,20,0,1.5,15,8.6,331,29.2
2025,11,15,19,30,1.4,14,8.3,340,29.1
2025,11,15,19,0,1.4,14,8.5,332,29.1
2025,11,15,18,30,1.4,15,8.8,339,29.1
2025,11,15,18,0,1.3,15,8.5,345,29.1
2025,11,15,17,30,1.3,14,8.8,357,29.1
2025,11,15,17,0,1.3,15,8.7,335,29.1
2025,11,15,16,30,1.3,15,9.2,341,29.1
2025,11,15,16,0,1.2,15,9.2,335,29.1
2025,11,15,15,30,1.3,15,8.9,343,29
2025,11,15,15,0,1.4,15,9.7,335,29
2025,11,15,14,30,1.3,15,9.5,353,29
2025,11,15,14,0,1.3,15,9.6,337,29
2025,11,15,13,30,1.3,15,9.1,345,29
2025,11,15,13,0,1.5,15,10.1,351,29
2025,11,15,12,30,1.3,15,8.8,351,29
2025,11,15,12,0,1.3,15,9,330,29
2025,11,15,11,30,1.4,15,9.3,335,29
2025,11,15,11,0,1.5,15,9.7,338,29
2025,11,15,10,30,1.4,15,9.6,339,29
2025,11,15,10,0,1.5,15,9.8,339,29.1
2025,11,15,9,30,1.4,15,9.5,331,29.1
2025,11,15,9,0,1.3,15,9.1,335,29.1
2025,11,15,8,30,1.4,15,9.7,337,29.2
2025,11,15,8,0,1.3,15,8.8,1,29.2
2025,11,15,7,30,1.4,15,8.8,336,29.3
2025,11,15,7,0,1.4,15,8.9,335,29.3
2025,11,15,6,30,1.3,15,8.9,351,29.3
2025,11,15,6,0,1.4,15,8.6,338,29.3
2025,11,15,5,30,1.3,15,8.6,338,29.3
2025,11,15,5,0,1.2,15,8.2,348,29.4
2025,11,15,4,30,1.4,15,9.5,336,29.5
2025,11,15,4,0,1.3,15,9.4,345,29.7
2025,11,15,3,30,1.2,15,9.4,345,29.7
2025,11,15,3,0,1.3,17,9.5,333,30
2025,11,15,2,30,1.4,15,10.4,353,30.1
2025,11,15,2,0,1.4,15,10.6,347,30.1
2025,11,15,1,30,1.2,11,9.1,259,29.8
2025,11,15,1,0,1.3,17,10,334,29.6
2025,11,15,0,30,1.4,17,10.8,334,28.8
2025,11,15,0,0,1.3,15,9.8,350,28.8
2025,11,14,23,30,1.3,17,10.4,337,29.2
2025,11,14,23,0,1.3,17,9.9,336,29.2
2025,11,14,22,30,1.3,17,10.4,333,29.1
2025,11,14,22,0,1.3,17,9.4,338,29.1
2025,11,14,21,30,1.3,17,9.9,336,29.2
2025,11,14,21,0,1.3,17,10.2,331,29.1
2025,11,14,20,30,1.3,17,10.6,332,29.1
2025,11,14,20,0,1.4,12,10.6,284,29.1
2025,11,14,19,30,1.2,17,10.3,333,29.1
2025,11,14,19,0,1.1,11,9.5,255,29
2025,11,14,18,30,1.2,12,10.2,298,29
2025,11,14,18,0,1.2,11,9.6,271,29
2025,11,14,17,30,1.3,17,10,323,29
2025,11,14,17,0,1.1,17,9.5,340,29
2025,11,14,16,30,1.2,12,9.5,242,29
2025,11,14,16,0,1.1,12,9.1,228,29
2025,11,14,15,30,1.2,13,9.6,220,29
2025,11,14,15,0,1.2,13,9.4,219,29
2025,11,14,14,30,1.2,13,9.4,217,29
2025,11,14,14,0,1.2,12,9.3,281,29
2025,11,14,13,30,1.1,12,8.9,245,28.9
2025,11,14,13,0,1.2,13,8.8,213,28.9
2025,11,14,12,30,1.2,13,8.7,219,29
2025,11,14,12,0,1.3,13,9,235,29
2025,11,14,11,30,1.3,13,8.9,256,29
2025,11,14,11,0,1.3,13,9.1,214,29
2025,11,14,10,30,1.2,12,8.5,308,29
2025,11,14,10,0,1.3,12,8.6,315,29
2025,11,14,9,30,1.3,13,9.1,218,29
2025,11,14,9,0,1.1,13,8.4,221,29
2025,11,14,8,30,1.1,13,8.2,221,29.1
2025,11,14,8,0,1.2,13,8.7,221,29.1
2025,11,14,7,30,1.2,13,8.7,212,29.1
2025,11,14,7,0,1.2,13,8.7,212,29.1
2025,11,14,6,30,1.2,13,8.5,237,29.2
2025,11,14,6,0,1.1,13,8.1,245,29.2
2025,11,14,5,30,1.1,13,8.1,213,29.2
2025,11,14,5,0,1.2,13,8.4,222,29.3
2025,11,14,4,30,1.2,13,7.8,213,29.3
2025,11,14,4,0,1.1,13,7.1,210,29.3
2025,11,14,3,30,1.1,13,7.1,213,29.3
2025,11,14,3,0,1.3,13,7.8,212,29.3
2025,11,14,2,30,1.2,13,6.8,216,29.3
2025,11,14,2,0,1.1,13,6.3,206,29.2
2025,11,14,1,30,1.2,13,6.4,255,29.2
2025,11,14,1,0,1.1,13,5.8,206,29.2
2025,11,14,0,30,1.1,13,5.9,209,29.1
2025,11,14,0,0,1.3,13,6.6,212,29.1
2025,11,13,23,30,1.3,14,6.4,206,29.1
2025,11,13,23,0,1.2,13,6.5,212,29.1
2025,11,13,22,30,1.2,13,6.4,212,29
2025,11,13,22,0,1.1,13,5.8,267,29.1
2025,11,13,21,30,1.1,13,6.1,203,29.1
2025,11,13,21,0,1.2,13,7.1,213,29
2025,11,13,20,30,1.1,13,7.1,239,29
2025,11,13,20,0,1.1,13,7.3,220,29
2025,11,13,19,30,1.1,13,7.2,223,28.9
2025,11,13,19,0,1.1,13,7.6,209,28.9
2025,11,13,18,30,1.1,13,7.5,206,28.9
2025,11,13,18,0,1,13,7.4,217,28.9
2025,11,13,17,30,1,13,7.4,208,28.8
2025,11,13,17,0,1.1,13,7.4,200,28.8
2025,11,13,16,30,1,12,7.3,248,28.9
2025,11,13,16,0,1.1,13,7.3,210,28.9
2025,11,13,15,30,1.1,13,7.7,203,28.9
2025,11,13,15,0,1.1,13,7.3,196,28.9
2025,11,13,14,30,1.1,13,7.9,231,28.9
2025,11,13,14,0,1,13,7.5,221,28.9
2025,11,13,13,30,1.1,13,7.5,223,28.9
2025,11,13,13,0,1.1,13,7.5,213,29
2025,11,13,12,30,1.1,13,7.5,209,29
2025,11,13,12,0,MM,MM,MM,MM,29
2025,11,13,11,30,1.2,13,7.9,209,29
2025,11,13,11,0,1.1,13,7.6,222,29
2025,11,13,10,30,1.2,13,7.9,220,29
2025,11,13,10,0,1.2,13,7.8,219,29
2025,11,13,9,30,1.1,14,7.8,227,29
2025,11,13,9,0,1.2,13,8,246,29
2025,11,13,8,30,1.1,14,8.1,213,29
2025,11,13,8,0,1.2,14,8.4,221,29
2025,11,13,7,30,1.1,13,8.1,230,29
2025,11,13,7,0,1.1,13,8.3,210,29.1
2025,11,13,6,30,1.2,13,8.5,203,29
2025,11,13,6,0,1.2,13,8.4,204,29.1
2025,11,13,5,30,1.2,14,8.4,211,29.1
2025,11,13,5,0,1.2,13,8,217,29.2
2025,11,13,4,30,1.1,13,7.7,207,29.3
2025,11,13,4,0,1.2,13,7.6,204,29.2
2025,11,13,3,30,1.2,13,7.2,200,29.3
2025,11,13,3,0,1.3,13,7.7,205,29.3
2025,11,13,2,30,1.2,13,7.4,212,29.3
2025,11,13,2,0,1.2,11,7.6,187,29.4
2025,11,13,1,30,1.2,13,7.7,204,29.4
2025,11,13,1,0,1.2,13,7.4,184,29.4
2025,11,13,0,30,1.2,13,7.3,199,29.1
2025,11,13,0,0,1.3,14,7.1,224,29
2025,11,12,23,30,1.2,11,6.8,189,29
2025,11,12,23,0,1.3,14,6.6,218,29
2025,11,12,22,30,1.3,13,6.7,206,28.9
2025,11,12,22,0,1.3,14,6.5,205,28.9
2025,11,12,21,30,1.2,14,6.7,211,28.9
2025,11,12,21,0,1.3,13,6.8,205,28.9
2025,11,12,20,30,1.2,14,6.5,215,28.8
2025,11,12,20,0,1.3,14,6.6,219,28.8
2025,11,12,19,30,1.3,14,6.4,221,28.8
2025,11,12,19,0,1.3,14,6.2,213,28.8
2025,11,12,18,30,1.4,11,6.5,177,28.8
2025,11,12,18,0,1.3,13,6.2,216,28.8
2025,11,12,17,30,1.2,13,5.9,212,28.8
2025,11,12,17,0,1.3,11,6.2,276,28.8
2025,11,12,16,30,1.3,9,6.1,98,28.8
2025,11,12,16,0,1.3,13,6.2,208,28.9
2025,11,12,15,30,1.4,14,6.5,206,28.9
2025,11,12,15,0,1.3,11,6.4,202,28.9
2025,11,12,14,30,1.4,12,6.7,209,28.9
2025,11,12,14,0,1.4,13,6.7,204,28.9
2025,11,12,13,30,1.3,12,6.9,210,28.9
2025,11,12,13,0,1.3,14,6.7,211,28.9
2025,11,12,12,30,1.3,14,6.9,214,29
2025,11,12,12,0,1.2,12,7.1,202,28.9
2025,11,12,11,30,1.3,13,7.5,205,29
2025,11,12,11,0,1.2,13,7.4,199,28.9
2025,11,12,10,30,1.2,13,7.1,193,29
2025,11,12,10,0,1.3,13,7.7,214,29
2025,11,12,9,30,1.2,9,7.7,96,28.9
2025,11,12,9,0,1.2,9,7.5,66,29
2025,11,12,8,30,MM,MM,MM,MM,29
2025,11,12,8,0,1.3,11,7.8,185,29
2025,11,12,7,30,1.1,14,7.9,212,28.9
2025,11,12,7,0,1.3,12,8.1,204,29
2025,11,12,6,30,1.2,10,8,149,29
2025,11,12,6,0,1.3,12,7.9,191,29
2025,11,12,5,30,1.2,13,7.4,198,29
2025,11,12,5,0,1.3,11,7.9,198,29.1
2025,11,12,4,30,1.3,13,7.4,210,29.1
2025,11,12,4,0,1.3,13,6.9,216,29.1
2025,11,12,3,30,1.3,9,6.8,47,29.1
2025,11,12,3,0,1.3,10,6.9,166,29.1
2025,11,12,2,30,1.3,12,6.8,202,29.2
2025,11,12,2,0,1.3,11,6.5,172,29.1
2025,11,12,1,30,1.3,12,6.7,245,29.1
2025,11,12,1,0,1.4,11,7.7,174,29.1
2025,11,12,0,30,1.3,11,7.6,190,29.2
2025,11,12,0,0,1.3,12,7.6,186,29.3
2025,11,11,23,30,1.3,11,7.3,180,29.3
2025,11,11,23,0,1.3,12,7.5,249,29.3
2025,11,11,22,30,1.3,9,7.8,107,29.5
2025,11,11,22,0,1.4,9,8.5,80,30.5
2025,11,11,21,30,1.3,10,8.2,114,30.1
2025,11,11,21,0,1.3,13,8,205,29.5
2025,11,11,20,30,1.2,12,8,210,29.2
2025,11,11,20,0,1.3,11,8.1,183,29
2025,11,11,19,30,1.3,12,8.4,261,28.9
2025,11,11,19,0,1.2,10,7.8,356,28.9
2025,11,11,18,30,1.2,10,8.1,180,28.9
2025,11,11,18,0,1.3,10,8.2,136,28.9
2025,11,11,17,30,1.3,9,8.1,42,28.9
2025,11,11,17,0,1.3,12,8.1,302,28.9
2025,11,11,16,30,1.2,11,7.7,157,28.9
2025,11,11,16,0,1.4,11,7.7,188,28.9
2025,11,11,15,30,1.3,9,7.4,78,28.9
2025,11,11,15,0,1.4,12,7.6,202,28.9
2025,11,11,14,30,1.4,9,7.5,83,28.9
2025,11,11,14,0,1.4,11,7.5,178,28.9
2025,11,11,13,30,1.4,11,7.3,180,28.9
2025,11,11,13,0,1.4,10,7.3,119,28.9
2025,11,11,12,30,1.5,11,7.4,171,28.9
2025,11,11,12,0,1.5,11,7.2,167,28.9
2025,11,11,11,30,1.3,10,7,99,28.9
2025,11,11,11,0,1.5,9,7.3,58,28.9
2025,11,11,10,30,1.5,10,7.4,91,28.9
2025,11,11,10,0,1.4,9,7.1,64,28.9
2025,11,11,9,30,1.4,12,7,175,28.9
2025,11,11,9,0,1.4,11,6.9,195,28.9
2025,11,11,8,30,1.5,11,7.1,182,28.9
2025,11,11,8,0,1.4,8,6.9,92,28.9
2025,11,11,7,30,1.5,11,7,180,28.9
2025,11,11,7,0,1.4,11,6.8,185,29
2025,11,11,6,30,1.6,12,7.2,182,29
2025,11,11,6,0,1.5,12,6.8,192,29
2025,11,11,5,30,1.4,10,6.7,138,29
2025,11,11,5,0,1.5,12,7.1,188,29
2025,11,11,4,30,1.5,12,7.3,177,29
2025,11,11,4,0,1.4,11,6.9,165,29.1
2025,11,11,3,30,1.4,11,6.8,178,29.2
2025,11,11,3,0,1.5,11,7.5,174,29.3
2025,11,11,2,30,1.4,12,7.4,174,29.3
2025,11,11,2,0,1.5,10,7.7,176,29.3
2025,11,11,1,30,1.5,11,8,168,29.4
2025,11,11,1,0,1.5,11,8.1,167,29.4
2025,11,11,0,30,1.6,11,8.4,171,29.4
2025,11,11,0,0,1.5,10,7.8,161,29.3
2025,11,10,23,30,1.3,11,7,179,29.1
2025,11,10,23,0,1.4,11,7.7,167,29
2025,11,10,22,30,1.4,11,7.3,175,29
2025,11,10,22,0,1.5,11,7.6,179,29
2025,11,10,21,30,1.6,11,7.7,165,28.9
2025,11,10,21,0,1.5,11,7.7,171,28.9
2025,11,10,20,30,1.5,9,7.9,58,28.9
2025,11,10,20,0,1.4,11,7.8,184,28.8
2025,11,10,19,30,1.4,11,8.1,182,28.8
2025,11,10,19,0,1.4,10,7.8,77,28.7
2025,11,10,18,30,1.4,11,7.7,156,28.7
2025,11,10,18,0,1.6,9,8.2,78,28.7
2025,11,10,17,30,1.4,9,7.8,41,28.7
2025,11,10,17,0,1.4,11,7.8,161,28.7
2025,11,10,16,30,1.4,10,7.5,63,28.7
2025,11,10,16,0,1.5,12,7.8,185,28.7
2025,11,10,15,30,1.4,12,7.7,186,28.6
2025,11,10,15,0,1.6,10,7.8,61,28.7
2025,11,10,14,30,1.5,10,7.8,56,28.7
2025,11,10,14,0,1.6,10,7.8,47,28.7
2025,11,10,13,30,1.6,10,7.8,132,28.7
2025,11,10,13,0,1.7,10,8,87,28.7
2025,11,10,12,30,1.6,10,7.7,36,28.6
2025,11,10,12,0,1.6,12,7.8,171,28.6
2025,11,10,11,30,1.7,12,7.9,171,28.7
2025,11,10,11,0,1.6,12,7.4,182,28.6
2025,11,10,10,30,1.6,12,7.3,170,28.7
2025,11,10,10,0,1.5,11,6.9,181,28.6
2025,11,10,9,30,1.6,13,7.3,186,28.7
2025,11,10,9,0,1.7,11,7.4,172,28.7
2025,11,10,8,30,1.6,12,7,175,28.6
2025,11,10,8,0,1.8,13,7,175,28.6
2025,11,10,7,30,1.7,11,6.8,30,28.6
2025,11,10,7,0,1.7,11,7,88,28.7
2025,11,10,6,30,1.8,13,7,193,28.7
2025,11,10,6,0,1.7,12,6.9,180,28.7
2025,11,10,5,30,1.7,10,6.6,13,28.7
2025,11,10,5,0,1.8,11,6.8,113,28.7
2025,11,10,4,30,1.8,13,6.6,189,28.7
2025,11,10,4,0,1.8,13,6.4,185,28.7
2025,11,10,3,30,1.9,11,6.9,243,28.7
2025,11,10,3,0,2,13,7,187,28.6
2025,11,10,2,30,2.1,12,6.9,178,28.6
2025,11,10,2,0,2,7,6.7,171,28.7
2025,11,10,1,30,2.1,7,6.7,168,28.7
2025,11,10,1,0,2.3,12,6.7,173,28.7
2025,11,10,0,30,2.3,7,6.3,165,28.7
2025,11,10,0,0,2.4,13,6.4,187,28.7
2025,11,9,23,30,2.5,7,6.2,166,28.7
2025,11,9,23,0,2.4,12,6.4,155,28.7
2025,11,9,22,30,2.2,7,6.4,180,28.7
2025,11,9,22,0,2.2,7,6.7,181,28.8
2025,11,9,21,30,2.3,7,6.7,194,28.8
2025,11,9,21,0,2.3,7,6.7,189,28.8
2025,11,9,20,30,2.3,7,6.8,192,28.8
2025,11,9,20,0,2.3,7,6.7,190,28.8
2025,11,9,19,30,2.3,7,6.7,194,28.8
2025,11,9,19,0,2.2,13,6.6,195,28.8
2025,11,9,18,30,2.4,7,6.5,187,28.8
2025,11,9,18,0,2.2,6,6.3,189,28.8
2025,11,9,17,30,2.2,6,6.2,190,28.8
2025,11,9,17,0,2.1,13,6.4,183,28.8
2025,11,9,16,30,1.9,13,6.6,190,28.8
2025,11,9,16,0,1.9,13,7.2,197,28.8
2025,11,9,15,30,1.7,13,6.8,190,28.8
2025,11,9,15,0,1.8,10,7.4,49,28.8
2025,11,9,14,30,1.8,13,7.7,197,28.8
2025,11,9,14,0,1.7,13,7.5,177,28.8
2025,11,9,13,30,1.9,12,8.1,162,28.9
2025,11,9,13,0,1.8,13,8,186,28.8
2025,11,9,12,30,1.8,11,8.4,336,28.9
2025,11,9,12,0,1.7,13,8.1,187,28.9
2025,11,9,11,30,1.8,9,8.4,51,28.9
2025,11,9,11,0,MM,MM,MM,MM,28.9
2025,11,9,10,30,1.8,13,8.8,184,28.9
2025,11,9,10,0,1.7,13,9,179,28.9
2025,11,9,9,30,1.7,13,8.7,184,28.9
2025,11,9,9,0,1.7,13,8.7,179,28.9
2025,11,9,8,30,1.7,11,8.7,185,28.9
2025,11,9,8,0,1.7,9,8.3,53,28.8
2025,11,9,7,30,1.7,13,8.7,186,28.9
2025,11,9,7,0,1.7,13,8.5,205,28.8
2025,11,9,6,30,1.7,13,8.7,193,28.9
2025,11,9,6,0,1.9,11,9.1,193,28.7
2025,11,9,5,30,1.7,13,8.8,207,28.8
2025,11,9,5,0,1.8,11,8.3,152,28.8
2025,11,9,4,30,1.8,13,7.9,185,29
2025,11,9,4,0,1.8,13,7.6,207,29
2025,11,9,3,30,1.8,13,8,209,29
2025,11,9,3,0,1.8,13,7.6,223,29
2025,11,9,2,30,1.7,13,7.2,200,29.1
2025,11,9,2,0,1.9,13,8.1,201,29.1
2025,11,9,1,30,1.9,11,8.5,359,29.1
2025,11,9,1,0,1.8,11,8,7,29.1
2025,11,9,0,30,2.1,13,8.7,191,29.1
2025,11,9,0,0,1.8,13,8.1,181,29.1
2025,11,8,23,30,1.8,13,8.3,193,29.1
2025,11,8,23,0,1.8,13,8.4,202,29.1
2025,11,8,22,30,1.7,12,8.1,136,29.1
2025,11,8,22,0,1.8,12,8.4,145,29.1
2025,11,8,21,30,1.8,13,8.7,182,29.1
2025,11,8,21,0,1.7,14,8.7,185,29
2025,11,8,20,30,1.8,13,8.6,197,28.9
2025,11,8,20,0,1.7,13,8.8,252,28.9
2025,11,8,19,30,1.7,13,8.2,196,28.8
2025,11,8,19,0,1.8,13,8.2,226,28.7
2025,11,8,18,30,1.9,12,8.4,352,28.7
2025,11,8,18,0,1.7,13,8,228,28.7
2025,11,8,17,30,1.8,13,8.2,354,28.7
2025,11,8,17,0,1.7,11,8.1,1,28.6
2025,11,8,16,30,1.7,13,8.4,350,28.6
2025,11,8,16,0,2,12,9.1,358,28.7
2025,11,8,15,30,1.8,12,8.8,357,28.8
2025,11,8,15,0,1.9,13,8.8,217,28.8
2025,11,8,14,30,1.7,13,8.8,354,28.8
2025,11,8,14,0,1.7,13,8.7,354,28.8
2025,11,8,13,30,1.6,13,8.4,335,28.8
2025,11,8,13,0,1.6,13,8.3,66,28.8
2025,11,8,12,30,1.8,14,8.3,202,28.8
2025,11,8,12,0,1.7,13,8.3,105,28.8
2025,11,8,11,30,1.7,13,8.6,249,28.9
2025,11,8,11,0,1.8,13,9,27,28.9
2025,11,8,10,30,1.8,13,9,192,28.9
2025,11,8,10,0,1.8,12,8.7,31,28.9
2025,11,8,9,30,1.6,12,8.5,342,28.9
2025,11,8,9,0,1.8,13,8.5,93,28.9
2025,11,8,8,30,1.6,12,8.1,270,28.9
2025,11,8,8,0,1.7,12,8.4,348,28.9
2025,11,8,7,30,1.7,12,8.2,344,29
2025,11,8,7,0,1.9,13,8,159,29
2025,11,8,6,30,1.8,13,7.9,179,28.9
2025,11,8,6,0,1.8,12,7.8,0,29
2025,11,8,5,30,1.9,12,7.7,353,29
2025,11,8,5,0,1.7,13,7.3,0,29
2025,11,8,4,30,1.7,12,7.7,14,29.1
2025,11,8,4,0,1.8,13,7.4,188,29.1
2025,11,8,3,30,1.8,13,7.7,341,29.1
2025,11,8,3,0,1.7,12,7.6,356,29.2
2025,11,8,2,30,1.8,12,7.6,7,29.2
2025,11,8,2,0,1.7,12,7.4,355,29.2
2025,11,8,1,30,1.7,12,7.5,359,29.2
2025,11,8,1,0,1.7,12,7.5,359,29.2
2025,11,8,0,30,1.7,13,7,180,29.1
2025,11,8,0,0,1.7,11,6.9,167,29.1
2025,11,7,23,30,1.7,12,6.7,344,29.1
2025,11,7,23,0,1.6,12,6.5,0,29.1
2025,11,7,22,30,1.7,12,7.1,347,29.1
2025,11,7,22,0,1.5,12,6.9,1,29.1
2025,11,7,21,30,1.5,12,7.2,347,29.1
2025,11,7,21,0,1.5,12,7.5,3,29.1
2025,11,7,20,30,1.5,13,7.6,353,29.1
2025,11,7,20,0,1.5,12,7.6,352,29
2025,11,7,19,30,1.5,12,7.6,355,29
2025,11,7,19,0,1.4,12,7.1,349,28.7
2025,11,7,18,30,1.6,13,7.8,342,28.7
2025,11,7,18,0,1.7,12,7.5,346,28.6
2025,11,7,17,30,1.6,13,6.9,347,28.7
2025,11,7,17,0,1.7,13,7,345,28.7
2025,11,7,16,30,1.7,13,6.8,359,28.7
2025,11,7,16,0,1.7,13,7.3,353,28.7
2025,11,7,15,30,1.6,13,7.2,351,28.7
2025,11,7,15,0,1.6,13,7.3,201,28.7
2025,11,7,14,30,1.5,13,7.5,8,28.7
2025,11,7,14,0,1.4,8,7.4,51,28.8
2025,11,7,13,30,1.6,14,7.8,203,29
2025,11,7,13,0,1.5,13,7.5,11,28.9
2025,11,7,12,30,1.6,13,7.8,31,28.9
2025,11,7,12,0,1.4,13,7.1,316,29
2025,11,7,11,30,1.5,13,7.4,336,29
2025,11,7,11,0,1.5,12,7.2,280,29
2025,11,7,10,30,1.4,12,7.3,178,29
2025,11,7,10,0,1.5,13,7.5,9,29
2025,11,7,9,30,1.5,8,7.3,48,29
2025,11,7,9,0,1.5,9,7.3,58,29
2025,11,7,8,30,1.4,12,7.3,173,29
2025,11,7,8,0,1.4,12,7.5,170,29.1
2025,11,7,7,30,1.5,11,7.5,167,29.1
2025,11,7,7,0,1.5,15,7.7,211,29.1
2025,11,7,6,30,1.4,11,7.4,175,29.1
2025,11,7,6,0,1.5,13,7.5,197,29.1
2025,11,7,5,30,1.4,12,7.2,174,29.1
2025,11,7,5,0,1.5,12,7.1,192,29.1
2025,11,7,4,30,1.5,11,7.1,180,29.1
2025,11,7,4,0,1.6,8,7.1,52,29.2
2025,11,7,3,30,1.6,8,7,52,29.2
2025,11,7,3,0,1.5,8,6.8,74,29.3
2025,11,7,2,30,1.6,9,6.9,54,29.3
2025,11,7,2,0,1.5,9,6.8,54,29.2
2025,11,7,1,30,1.4,13,6.6,179,29.2
2025,11,7,1,0,1.5,8,6.5,52,29.2
2025,11,7,0,30,1.6,12,6.8,192,29.1
2025,11,7,0,0,1.5,13,6.6,181,29.1
2025,11,6,23,30,1.6,8,6.8,57,29.1
2025,11,6,23,0,1.6,13,6.9,185,29
2025,11,6,22,30,1.6,8,7,44,29
2025,11,6,22,0,1.6,8,7.2,43,29
2025,11,6,21,30,1.6,8,7.7,69,28.9
2025,11,6,21,0,1.4,13,7.4,174,29
2025,11,6,20,30,1.5,13,8,172,28.9
2025,11,6,20,0,1.5,13,8.3,174,28.9
2025,11,6,19,30,1.3,13,7.8,185,28.9
2025,11,6,19,0,1.5,8,7.7,61,28.9
2025,11,6,18,30,1.4,13,7.9,177,28.9
2025,11,6,18,0,1.5,13,8.2,157,28.8
2025,11,6,17,30,1.4,8,7.8,77,28.8
2025,11,6,17,0,1.4,9,7.6,53,28.9
2025,11,6,16,30,1.4,13,7.8,199,28.9
2025,11,6,16,0,1.4,13,7.8,198,28.9
2025,11,6,15,30,1.3,13,7.8,284,28.9
2025,11,6,15,0,1.4,13,7.8,202,28.9
2025,11,6,14,30,1.3,13,8.1,228,28.9
2025,11,6,14,0,1.3,13,7.9,222,28.9
2025,11,6,13,30,1.4,13,8,189,28.9
2025,11,6,13,0,1.4,13,7.3,223,28.9
2025,11,6,12,30,1.4,14,7.7,290,29
2025,11,6,12,0,1.5,13,8,186,29
2025,11,6,11,30,1.4,14,7.3,238,29
2025,11,6,11,0,1.4,8,7.3,60,29
2025,11,6,10,30,1.5,14,7.8,203,29
2025,11,6,10,0,1.5,9,7.5,72,29.1
2025,11,6,9,30,1.5,9,7.6,70,29.1
2025,11,6,9,0,1.4,8,7.5,67,29.1
2025,11,6,8,30,1.4,14,7.3,224,29.2
2025,11,6,8,0,1.4,8,7.2,85,29.2
2025,11,6,7,30,1.4,12,7.3,175,29.2
2025,11,6,7,0,1.4,9,7,91,29
2025,11,6,6,30,1.5,14,7.4,327,29
2025,11,6,6,0,1.4,8,7,71,29.1
2025,11,6,5,30,1.6,8,7.3,75,29.2
2025,11,6,5,0,1.5,8,7,72,29.2
2025,11,6,4,30,1.4,8,7.1,58,29.3
2025,11,6,4,0,1.4,10,7.2,128,29.2
2025,11,6,3,30,1.4,8,7.2,73,29.4
2025,11,6,3,0,1.4,11,7.1,174,29.5
2025,11,6,2,30,1.5,8,7.2,49,29.3
2025,11,6,2,0,1.5,8,7.2,54,29.4
2025,11,6,1,30,1.5,8,7,73,29.4
2025,11,6,1,0,1.5,8,7.3,48,29.3
2025,11,6,0,30,1.5,8,7.1,76,29.3
2025,11,6,0,0,1.5,9,7.2,63,29.2
2025,11,5,23,30,1.5,8,7.3,65,29.2
2025,11,5,23,0,1.5,9,7.4,78,29.1
2025,11,5,22,30,1.5,8,7.2,88,29.1
2025,11,5,22,0,1.6,9,7.3,51,28.9
2025,11,5,21,30,1.5,8,7.2,62,28.9
2025,11,5,21,0,1.5,9,7.2,69,28.8
2025,11,5,20,30,1.6,8,7.3,66,28.7
2025,11,5,20,0,1.5,8,7.3,62,28.7
2025,11,5,19,30,1.5,9,7.2,96,28.7
2025,11,5,19,0,1.5,12,7.2,182,28.7
2025,11,5,18,30,1.4,12,7.3,183,28.6
2025,11,5,18,0,1.4,9,6.9,111,28.6
2025,11,5,17,30,1.4,8,6.7,73,28.6
2025,11,5,17,0,1.5,10,6.8,100,28.6
2025,11,5,16,30,1.5,12,6.7,184,28.6
2025,11,5,16,0,1.5,12,6.5,183,28.6
2025,11,5,15,30,1.6,10,6.8,80,28.7
2025,11,5,15,0,1.5,12,6.3,181,28.7
2025,11,5,14,30,1.6,9,6.1,54,28.7
2025,11,5,14,0,1.5,13,6.2,182,28.7
2025,11,5,13,30,1.5,11,6.1,158,28.7
2025,11,5,13,0,1.6,12,6,185,28.6
2025,11,5,12,30,1.6,12,6,189,28.6
2025,11,5,12,0,1.5,9,5.9,60,28.7
2025,11,5,11,30,1.5,12,6.1,180,28.7
2025,11,5,11,0,1.5,13,6,188,28.7
2025,11,5,10,30,1.4,12,6,195,28.7
2025,11,5,10,0,1.5,12,6.2,192,28.7
2025,11,5,9,30,1.4,13,6.1,191,28.7
2025,11,5,9,0,1.4,12,6.3,185,28.7
2025,11,5,8,30,1.5,12,6.7,189,28.7
2025,11,5,8,0,1.5,13,6.7,188,28.7
2025,11,5,7,30,1.5,13,6.5,194,28.8
2025,11,5,7,0,1.5,13,6.4,178,28.8
2025,11,5,6,30,1.4,11,6.3,149,28.8
2025,11,5,6,0,1.4,13,6.6,187,28.9
2025,11,5,5,30,1.4,12,6.7,183,28.9
2025,11,5,5,0,1.4,13,6.5,186,28.9
2025,11,5,4,30,1.5,13,6.3,182,28.9
2025,11,5,4,0,1.4,13,6.1,202,28.9
2025,11,5,3,30,1.5,13,6.5,196,28.9
2025,11,5,3,0,1.4,13,6.2,185,29
2025,11,5,2,30,1.6,13,7,184,29
2025,11,5,2,0,1.5,13,6.7,189,29
2025,11,5,1,30,1.6,13,6.7,189,29
2025,11,5,1,0,1.6,13,7,187,28.9
2025,11,5,0,30,1.5,13,6.5,195,28.9
2025,11,5,0,0,1.5,13,6.3,196,28.9
2025,11,4,23,30,1.5,13,6.7,189,28.9
2025,11,4,23,0,1.5,12,6.3,179,28.8
2025,11,4,22,30,1.5,13,6.6,186,28.8
2025,11,4,22,0,1.5,13,6.4,191,28.8
2025,11,4,21,30,1.6,13,6.5,194,28.7
2025,11,4,21,0,1.5,14,6.3,208,28.7
2025,11,4,20,30,1.4,13,6.5,189,28.7
2025,11,4,20,0,1.4,12,6.5,188,28.7
2025,11,4,19,30,1.5,13,7,185,28.7
2025,11,4,19,0,1.4,13,7.1,179,28.7
2025,11,4,18,30,1.4,13,6.9,189,28.7
2025,11,4,18,0,1.4,12,6.7,173,28.6
2025,11,4,17,30,1.5,13,6.7,182,28.6
2025,11,4,17,0,1.5,13,6.8,178,28.6
2025,11,4,16,30,1.4,14,6.5,195,28.6
2025,11,4,16,0,1.5,13,6.7,180,28.6
2025,11,4,15,30,1.4,13,6.7,186,28.6
2025,11,4,15,0,1.5,13,7,183,28.6
2025,11,4,14,30,1.4,13,6.7,186,28.6
2025,11,4,14,0,1.4,13,6.7,182,28.6
2025,11,4,13,30,1.4,13,6.7,176,28.6
2025,11,4,13,0,1.3,13,6.5,187,28.6
2025,11,4,12,30,1.4,13,6.5,196,28.6
2025,11,4,12,0,1.3,13,6.1,191,28.6
2025,11,4,11,30,1.3,13,6.3,181,28.6
2025,11,4,11,0,1.4,13,6.4,187,28.6
2025,11,4,10,30,1.4,13,6.3,184,28.6
2025,11,4,10,0,1.3,13,6.3,190,28.6
2025,11,4,9,30,1.3,13,6.2,188,28.6
2025,11,4,9,0,1.4,13,6.3,194,28.6
2025,11,4,8,30,1.3,14,6.4,189,28.6
2025,11,4,8,0,1.3,13,6.2,184,28.6
2025,11,4,7,30,1.3,13,6.1,191,28.7
2025,11,4,7,0,1.2,11,5.6,161,28.7
2025,11,4,6,30,1.3,13,5.9,172,28.7
2025,11,4,6,0,1.2,13,6,189,28.7
2025,11,4,5,30,1.3,13,5.9,183,28.7
2025,11,4,5,0,1.2,13,5.7,194,28.7
2025,11,4,4,30,1.2,13,5.7,195,28.7
2025,11,4,4,0,1.3,13,5.9,203,28.7
2025,11,4,3,30,1.3,13,6,182,28.7
2025,11,4,3,0,1.4,13,6.2,202,28.7
2025,11,4,2,30,1.4,13,6,190,28.8
2025,11,4,2,0,1.4,13,6.1,191,28.8
2025,11,4,1,30,1.3,14,5.7,210,28.8
2025,11,4,1,0,1.3,13,5.6,195,28.8
2025,11,4,0,30,1.3,14,5.9,201,28.8
2025,11,4,0,0,1.3,12,5.8,178,28.8
2025,11,3,23,30,1.3,13,6,201,28.8
2025,11,3,23,0,1.3,12,6.1,198,28.8
2025,11,3,22,30,1.2,13,5.9,198,28.8
2025,11,3,22,0,1.2,13,6.5,197,28.7
2025,11,3,21,30,1.3,11,6.3,277,28.7
2025,11,3,21,0,1.3,13,6.6,204,28.7
2025,11,3,20,30,1.1,13,6.4,204,28.6
2025,11,3,20,0,1.2,13,6.7,204,28.6
2025,11,3,19,30,1.2,13,7,200,28.6
2025,11,3,19,0,1.2,13,6.7,202,28.5
2025,11,3,18,30,1.2,14,6.7,201,28.5
2025,11,3,18,0,1.3,13,6.5,202,28.5
2025,11,3,17,30,1.2,13,6.5,206,28.5
2025,11,3,17,0,1.2,13,6.7,204,28.5
2025,11,3,16,30,1.2,13,6.4,204,28.5
2025,11,3,16,0,1.2,9,6.3,76,28.5
2025,11,3,15,30,1.2,12,6.4,201,28.5
2025,11,3,15,0,1.3,11,6.3,242,28.5
2025,11,3,14,30,1.2,14,6.3,210,28.5
2025,11,3,14,0,1.2,11,6.2,245,28.5
2025,11,3,13,30,1.2,13,6.3,211,28.5
2025,11,3,13,0,1.2,11,6.4,235,28.5
2025,11,3,12,30,1.2,11,6.3,240,28.5
2025,11,3,12,0,1.2,10,6.4,183,28.6
2025,11,3,11,30,1.2,11,6.4,301,28.6
2025,11,3,11,0,1.2,11,6.2,256,28.6
2025,11,3,10,30,1.3,9,6.4,47,28.6
2025,11,3,10,0,1.3,8,6.5,46,28.6
2025,11,3,9,30,1.2,13,6.4,223,28.6
2025,11,3,9,0,1.2,9,6.4,61,28.6
2025,11,3,8,30,1.3,12,6.6,216,28.6
2025,11,3,8,0,1.2,9,6.4,65,28.6
2025,11,3,7,30,1.2,7,6.6,40,28.6
2025,11,3,7,0,1.3,7,6.5,33,28.6
2025,11,3,6,30,1.3,7,6.5,37,28.6
2025,11,3,6,0,1.4,11,6.5,229,28.7
2025,11,3,5,30,1.2,12,6.2,221,28.7
2025,11,3,5,0,1.3,11,6.1,191,28.7
2025,11,3,4,30,1.2,11,5.7,208,28.7
2025,11,3,4,0,1.3,9,6,61,28.7
2025,11,3,3,30,1.3,8,5.9,69,28.8
2025,11,3,3,0,1.4,8,6,53,28.8
2025,11,3,2,30,1.4,8,5.7,55,28.8
2025,11,3,2,0,1.4,8,5.9,55,28.8
2025,11,3,1,30,1.4,11,5.8,242,28.8
2025,11,3,1,0,1.3,11,5.8,210,28.8
2025,11,3,0,30,1.4,11,6,198,28.7
2025,11,3,0,0,1.3,12,6,247,28.8
2025,11,2,23,30,1.4,8,6.3,56,28.8
2025,11,2,23,0,1.3,8,6.1,61,28.7
2025,11,2,22,30,1.4,11,6.6,201,28.7
2025,11,2,22,0,1.3,12,6.4,220,28.7
2025,11,2,21,30,1.4,11,6.5,204,28.7
2025,11,2,21,0,1.3,9,6.4,67,28.7
2025,11,2,20,30,1.3,8,6.2,62,28.6
2025,11,2,20,0,1.3,9,6.4,65,28.6
2025,11,2,19,30,1.3,9,5.9,74,28.6
2025,11,2,19,0,1.4,11,6.3,193,28.6
2025,11,2,18,30,1.3,11,6.3,199,28.6
2025,11,2,18,0,1.4,12,6.3,191,28.6
2025,11,2,17,30,1.4,10,6.3,155,28.6
2025,11,2,17,0,1.3,11,6.1,181,28.6
2025,11,2,16,30,1.3,7,5.9,78,28.6
2025,11,2,16,0,1.4,11,6.4,194,28.6
2025,11,2,15,30,1.4,11,6.1,196,28.6
2025,11,2,15,0,1.3,10,5.7,126,28.6
2025,11,2,14,30,1.4,11,5.8,203,28.6
2025,11,2,14,0,1.5,11,6.1,201,28.6
2025,11,2,13,30,1.4,9,6,73,28.6
2025,11,2,13,0,1.5,9,6,93,28.6
2025,11,2,12,30,1.4,11,5.7,186,28.6
2025,11,2,12,0,1.4,11,5.7,202,28.6
2025,11,2,11,30,1.4,12,5.4,205,28.6
2025,11,2,11,0,1.4,9,5.5,67,28.6
2025,11,2,10,30,1.4,10,5.2,109,28.6
2025,11,2,10,0,1.4,12,5.6,244,28.6
2025,11,2,9,30,1.3,11,5.8,201,28.6
2025,11,2,9,0,MM,MM,MM,MM,28.6
2025,11,2,8,30,1.2,11,5.8,191,28.6
2025,11,2,8,0,1.3,11,5.9,185,28.6
2025,11,2,7,30,1.2,11,5.5,190,28.6
2025,11,2,7,0,1.3,11,5.8,175,28.6
2025,11,2,6,30,1.3,11,5.6,180,28.6
2025,11,2,6,0,1.3,11,5.5,185,28.7
2025,11,2,5,30,1.3,12,5.7,188,28.7
2025,11,2,5,0,1.3,11,5.5,175,28.7
2025,11,2,4,30,1.4,12,6.1,192,28.7
2025,11,2,4,0,1.4,9,6,93,28.7
2025,11,2,3,30,1.4,12,6,195,28.8
2025,11,2,3,0,1.3,11,6.1,179,28.9
2025,11,2,2,30,1.4,9,6.3,106,28.9
2025,11,2,2,0,1.3,11,6.2,195,28.9
2025,11,2,1,30,1.3,8,6.5,92,28.9
2025,11,2,1,0,1.4,11,6.5,199,28.9
2025,11,2,0,30,1.4,11,6.5,197,28.7
2025,11,2,0,0,1.3,12,6.1,190,28.7
2025,11,1,23,30,1.5,12,6.6,188,28.6
2025,11,1,23,0,1.4,12,6.6,195,28.6
2025,11,1,22,30,1.4,9,6.4,72,28.6
2025,11,1,22,0,1.4,8,6.4,62,28.5
2025,11,1,21,30,1.5,9,6.8,62,28.5
2025,11,1,21,0,1.4,9,6.6,88,28.5
2025,11,1,20,30,1.4,12,6.9,208,28.5
2025,11,1,20,0,1.4,12,7,199,28.6
2025,11,1,19,30,1.3,10,6.8,158,28.5
2025,11,1,19,0,1.5,12,7.1,193,28.5
2025,11,1,18,30,1.4,9,6.9,53,28.4
2025,11,1,18,0,1.5,12,6.8,192,28.5
2025,11,1,17,30,1.5,11,6.8,195,28.5
2025,11,1,17,0,1.5,9,6.7,55,28.5
2025,11,1,16,30,1.6,11,6.7,183,28.5
2025,11,1,16,0,1.5,9,6.4,65,28.5
2025,11,1,15,30,1.6,9,6.5,56,28.5
2025,11,1,15,0,1.5,12,6.2,196,28.5
2025,11,1,14,30,1.6,9,6.2,50,28.5
2025,11,1,14,0,1.7,9,6.1,64,28.5
2025,11,1,13,30,1.7,9,6.3,83,28.5
2025,11,1,13,0,1.7,9,6.3,46,28.5
2025,11,1,12,30,1.6,12,6.1,203,28.5
2025,11,1,12,0,1.7,9,6.1,61,28.6
2025,11,1,11,30,1.7,9,6,64,28.6
2025,11,1,11,0,1.7,12,6.4,197,28.6
2025,11,1,10,30,1.5,12,6.1,206,28.6
2025,11,1,10,0,1.6,9,6.2,64,28.6
2025,11,1,9,30,1.6,9,6.2,68,28.6
2025,11,1,9,0,1.6,9,6,48,28.6
2025,11,1,8,30,1.7,12,6,197,28.6
2025,11,1,8,0,1.7,9,6,58,28.6
2025,11,1,7,30,1.7,12,5.9,192,28.6
2025,11,1,7,0,1.6,11,6.2,195,28.6
2025,11,1,6,30,1.6,9,5.8,72,28.6
2025,11,1,6,0,1.6,8,5.9,72,28.6
2025,11,1,5,30,1.6,12,5.6,203,28.6
2025,11,1,5,0,1.5,9,5.7,96,28.6
2025,11,1,4,30,1.6,11,5.8,204,28.7
2025,11,1,4,0,1.6,9,5.6,63,28.7
2025,11,1,3,30,1.6,10,5.7,91,28.7
2025,11,1,3,0,1.6,8,5.7,75,28.8
2025,11,1,2,30,1.7,12,5.7,208,28.7
2025,11,1,2,0,1.6,9,5.3,61,28.8
2025,11,1,1,30,1.6,9,5.5,94,28.8
2025,11,1,1,0,1.6,8,5.7,64,28.8
2025,11,1,0,30,1.6,8,5.7,80,28.8
2025,11,1,0,0,1.6,9,5.7,69,28.8
2025,10,31,22,30,1.6,9,5.7,55,28.7
2025,10,31,22,0,1.7,9,5.9,65,28.7
2025,10,31,21,30,1.7,9,6,60,28.7
2025,10,31,21,0,1.7,8,6,77,28.6
2025,10,31,20,30,1.7,7,5.7,142,28.6
2025,10,31,20,0,1.6,9,5.7,66,28.6
2025,10,31,19,30,1.6,8,5.9,66,28.6
2025,10,31,19,0,1.6,9,6,90,28.6
2025,10,31,18,30,1.8,9,6.2,74,28.6
2025,10,31,18,0,1.6,9,5.8,87,28.6
2025,10,31,17,30,1.7,8,6,88,28.6
2025,10,31,17,0,1.6,8,5.9,91,28.6
2025,10,31,16,30,1.8,8,6.2,74,28.6
2025,10,31,16,0,1.6,9,6,69,28.6
2025,10,31,15,30,1.6,8,5.8,89,28.6
2025,10,31,15,0,1.6,9,5.8,77,28.6
2025,10,31,14,30,1.7,9,6,69,28.6
2025,10,31,14,0,1.7,9,5.9,58,28.6
2025,10,31,13,30,1.6,10,6,42,28.6
2025,10,31,13,0,1.7,8,6,71,28.6
2025,10,31,12,30,1.6,9,6,75,28.6
2025,10,31,12,0,1.6,8,6,68,28.6
2025,10,31,11,30,1.7,9,6,72,28.6
2025,10,31,11,0,1.7,9,6.1,61,28.6
2025,10,31,10,30,1.5,9,6,67,28.6
2025,10,31,10,0,1.6,8,6,66,28.6
2025,10,31,9,30,1.6,8,6,77,28.6
2025,10,31,9,0,1.6,9,6,85,28.6
2025,10,31,8,30,1.7,9,6.2,78,28.6
2025,10,31,8,0,1.6,9,6.1,53,28.6
2025,10,31,7,30,1.7,9,6.3,71,28.6
2025,10,31,7,0,1.6,7,6.3,87,28.6
2025,10,31,6,30,1.7,9,6.5,81,28.6
2025,10,31,6,0,1.6,8,6.4,92,28.6
2025,10,31,5,30,1.6,8,6.1,122,28.7
2025,10,31,5,0,1.6,9,6.1,85,28.7
2025,10,31,4,30,1.6,8,6.1,97,28.7
2025,10,31,4,0,1.7,8,6.1,110,28.7
2025,10,31,3,30,1.6,7,5.9,116,28.7
2025,10,31,3,0,1.6,9,5.8,74,28.7
2025,10,31,2,30,1.5,9,5.6,79,28.8
2025,10,31,2,0,1.6,9,5.7,72,28.7
2025,10,31,1,30,1.7,7,5.8,96,28.7
2025,10,31,1,0,1.6,13,5.7,222,28.7
2025,10,31,0,30,1.6,8,5.7,79,28.7
2025,10,31,0,0,1.6,9,5.6,61,28.7
2025,10,30,23,30,1.6,9,5.9,69,28.7
2025,10,30,23,0,1.7,8,5.9,87,28.7
2025,10,30,22,30,1.7,8,6.1,68,28.7
2025,10,30,22,0,1.6,9,6,74,28.7
2025,10,30,21,30,1.6,9,5.7,47,28.6
2025,10,30,21,0,1.7,7,6,103,28.6
2025,10,30,20,30,1.7,9,6.1,70,28.6
2025,10,30,20,0,1.6,9,6.1,51,28.5
2025,10,30,19,30,1.6,8,6.1,73,28.6
2025,10,30,19,0,1.6,8,5.9,77,28.5
2025,10,30,18,30,1.7,8,6.1,79,28.5
2025,10,30,18,0,1.6,8,6,75,28.5
2025,10,30,17,30,1.5,8,6,86,28.5
2025,10,30,17,0,1.6,9,6.1,67,28.5
2025,10,30,16,30,1.6,8,6,95,28.5
2025,10,30,16,0,1.6,8,5.9,137,28.5
2025,10,30,15,30,1.6,7,6,124,28.5
2025,10,30,15,0,1.6,6,5.8,124,28.5
2025,10,30,14,30,1.6,7,6,121,28.4
2025,10,30,14,0,1.6,6,5.8,105,28.4
2025,10,30,13,30,1.6,6,5.7,119,28.5
2025,10,30,13,0,1.6,10,5.7,61,28.5
2025,10,30,12,30,1.7,7,6,111,28.4
2025,10,30,12,0,1.7,7,5.9,107,28.4
2025,10,30,11,30,1.7,7,5.9,110,28.4
2025,10,30,11,0,1.7,9,6,83,28.4
2025,10,30,10,30,1.7,13,5.9,210,28.4
2025,10,30,10,0,1.6,13,5.9,203,28.4
2025,10,30,9,30,1.8,9,6.1,92,28.4
2025,10,30,9,0,1.6,8,6,98,28.5
2025,10,30,8,30,1.6,13,6,219,28.5
2025,10,30,8,0,1.6,13,6,231,28.5
2025,10,30,7,30,1.6,8,6,63,28.5
2025,10,30,7,0,1.5,9,5.9,55,28.5
2025,10,30,6,30,1.6,9,6.1,56,28.5
2025,10,30,6,0,1.5,9,5.9,47,28.5
2025,10,30,5,30,1.5,9,6.2,90,28.5
2025,10,30,5,0,1.6,9,6.2,56,28.5
2025,10,30,4,30,1.6,13,6.1,202,28.5
2025,10,30,4,0,1.5,14,6.2,202,28.6
2025,10,30,3,30,1.6,13,6.1,212,28.6
2025,10,30,3,0,1.6,13,6.1,209,28.6
2025,10,30,2,30,1.6,13,6,214,28.6
2025,10,30,2,0,1.6,14,5.9,220,28.6
2025,10,30,1,30,1.6,6,5.8,146,28.6
2025,10,30,1,0,1.7,14,5.9,219,28.5
2025,10,30,0,30,1.7,6,5.7,136,28.6
2025,10,30,0,0,1.7,14,5.8,224,28.5
2025,10,29,23,30,1.7,6,5.7,147,28.5
2025,10,29,23,0,1.7,9,6,98,28.5
2025,10,29,22,30,1.7,14,5.8,217,28.5
2025,10,29,22,0,1.8,14,6,215,28.5
2025,10,29,21,30,1.7,14,6.1,223,28.5
2025,10,29,21,0,1.6,14,5.8,208,28.5
2025,10,29,20,30,1.7,14,6,219,28.5
2025,10,29,20,0,1.6,14,5.8,205,28.5
2025,10,29,19,30,1.6,14,6,221,28.5
2025,10,29,19,0,1.7,12,6,198,28.5
2025,10,29,18,30,1.7,15,6,220,28.4
2025,10,29,18,0,1.8,14,6.2,226,28.4
2025,10,29,17,30,1.7,8,6.1,71,28.4
2025,10,29,17,0,1.6,11,5.8,188,28.5
2025,10,29,16,30,1.7,8,6.1,66,28.5
2025,10,29,16,0,1.6,6,5.8,160,28.5
2025,10,29,15,30,1.7,8,6,64,28.5
2025,10,29,15,0,1.8,8,6,82,28.5
2025,10,29,14,30,1.8,8,5.9,72,28.5
2025,10,29,14,0,1.7,9,5.8,64,28.5
2025,10,29,13,30,1.7,8,6.1,58,28.5
2025,10,29,13,0,1.7,8,5.7,56,28.5
2025,10,29,12,30,1.7,9,6,77,28.5
2025,10,29,12,0,1.7,8,6.2,58,28.5
2025,10,29,11,30,1.6,8,6.1,47,28.5
2025,10,29,11,0,1.8,8,6.2,67,28.5
2025,10,29,10,30,1.7,8,6.2,72,28.5
2025,10,29,10,0,1.6,8,6.2,67,28.5
2025,10,29,9,30,1.6,8,6.2,63,28.5
2025,10,29,9,0,1.6,12,6,224,28.5
2025,10,29,8,30,1.6,9,6.1,62,28.5
2025,10,29,8,0,1.7,8,6.1,61,28.5
2025,10,29,7,30,1.6,12,6,209,28.5
2025,10,29,7,0,1.7,8,6.2,61,28.5
2025,10,29,6,30,1.6,8,6.1,65,28.5
2025,10,29,6,0,1.5,8,6,61,28.5
2025,10,29,5,30,1.5,8,5.8,67,28.5
2025,10,29,5,0,1.6,8,6.1,56,28.5
2025,10,29,4,30,1.5,11,6.3,188,28.6
2025,10,29,4,0,1.6,12,6.2,198,28.6
2025,10,29,3,30,1.6,8,6,65,28.6
2025,10,29,3,0,1.7,8,6,62,28.6
2025,10,29,2,30,1.7,8,5.7,60,28.6
2025,10,29,2,0,1.7,8,5.7,65,28.6
2025,10,29,1,30,1.6,9,5.7,60,28.6
2025,10,29,1,0,1.7,8,5.8,60,28.6
2025,10,29,0,30,1.7,8,5.7,57,28.6
2025,10,29,0,0,1.8,8,5.7,53,28.6
2025,10,28,23,30,1.8,9,5.8,55,28.6
2025,10,28,23,0,1.7,8,5.7,61,28.6
2025,10,28,22,30,1.7,8,5.8,55,28.6
2025,10,28,22,0,1.8,8,5.9,56,28.6
2025,10,28,21,30,1.7,9,5.8,53,28.6
2025,10,28,21,0,1.7,8,5.6,65,28.6
2025,10,28,20,30,1.6,9,5.6,56,28.6
2025,10,28,20,0,1.8,8,5.9,50,28.6
2025,10,28,19,30,1.6,8,5.7,52,28.5
2025,10,28,19,0,1.8,8,6,65,28.6
2025,10,28,18,30,1.6,13,5.9,205,28.5
2025,10,28,18,0,1.6,9,5.7,55,28.6
2025,10,28,17,30,1.6,13,5.9,206,28.5
2025,10,28,17,0,1.5,8,6,51,28.5
2025,10,28,16,30,1.6,8,6.2,56,28.6
2025,10,28,16,0,1.6,9,6,66,28.5
2025,10,28,15,30,1.5,9,5.9,57,28.6
2025,10,28,15,0,1.6,9,6.1,63,28.6
2025,10,28,14,30,1.6,13,6.3,214,28.6
2025,10,28,14,0,1.5,9,6,59,28.6
2025,10,28,13,30,1.6,8,6.3,50,28.6
2025,10,28,13,0,1.5,13,6,198,28.6
2025,10,28,12,30,1.5,13,6.1,214,28.6
2025,10,28,12,0,1.6,13,6.1,212,28.6
2025,10,28,11,30,1.7,13,6.3,213,28.6
2025,10,28,11,0,1.7,13,6.3,194,28.6
2025,10,28,10,30,1.6,13,6.3,221,28.6
2025,10,28,10,0,1.7,9,6.3,59,28.6
2025,10,28,9,30,1.7,13,6.3,202,28.6
2025,10,28,9,0,1.7,13,6.4,210,28.6
2025,10,28,8,30,1.7,13,6.5,210,28.6
2025,10,28,8,0,1.6,13,6.5,215,28.6
2025,10,28,7,30,1.7,13,6.6,208,28.6
2025,10,28,7,0,1.7,13,6.6,221,28.6
2025,10,28,6,30,1.7,8,6.8,52,28.6
2025,10,28,6,0,1.7,13,6.8,217,28.6
2025,10,28,5,30,1.6,13,6.9,205,28.6
2025,10,28,5,0,1.6,13,6.8,211,28.7
2025,10,28,4,30,1.6,13,6.8,205,28.7
2025,10,28,4,0,1.5,13,6.4,218,28.7
2025,10,28,3,30,1.6,13,6.7,209,28.7
2025,10,28,3,0,1.6,13,6.6,208,28.8
2025,10,28,2,30,1.6,13,6.8,203,28.8
2025,10,28,2,0,1.6,13,6.8,206,28.8
2025,10,28,1,30,1.6,13,6.5,217,28.8
2025,10,28,1,0,1.6,8,6.1,59,28.9
2025,10,28,0,30,1.7,14,6.5,230,28.8
2025,10,28,0,0,1.7,8,6.5,58,28.8
2025,10,27,23,30,1.7,9,6.3,52,28.7
2025,10,27,23,0,1.7,13,6.4,209,28.7
2025,10,27,22,30,1.8,13,6.3,225,28.7
2025,10,27,22,0,1.7,8,6.4,63,28.6
2025,10,27,21,30,1.8,13,6.4,207,28.6
2025,10,27,21,0,1.8,13,6.6,211,28.6
2025,10,27,20,30,1.7,14,6.4,220,28.6
2025,10,27,20,0,1.7,9,6.1,52,28.5
2025,10,27,19,30,1.9,14,6.6,235,28.5
2025,10,27,19,0,1.8,13,6.8,209,28.5
2025,10,27,18,30,1.8,14,6.8,213,28.5
2025,10,27,18,0,1.9,14,6.9,220,28.5
2025,10,27,17,30,1.8,13,6.8,222,28.5
2025,10,27,17,0,1.8,13,6.8,224,28.6
2025,10,27,16,30,1.7,9,6.7,56,28.6
2025,10,27,16,0,1.8,8,6.7,61,28.6
2025,10,27,15,30,1.8,8,6.8,61,28.6
2025,10,27,15,0,1.8,8,6.7,56,28.6
2025,10,27,14,30,1.9,9,6.8,60,28.5
2025,10,27,14,0,1.8,14,6.8,210,28.6
2025,10,27,13,30,1.8,9,6.8,56,28.6
2025,10,27,13,0,1.8,9,6.5,54,28.6
2025,10,27,12,30,1.9,15,6.8,222,28.6
2025,10,27,12,0,1.9,8,6.6,53,28.5
2025,10,27,11,30,1.9,14,6.9,226,28.5
2025,10,27,11,0,1.8,8,6.8,54,28.5
2025,10,27,10,30,1.8,7,6.7,51,28.5
2025,10,27,10,0,1.8,9,6.7,54,28.5
2025,10,27,9,30,1.8,8,6.7,53,28.6
2025,10,27,9,0,1.8,13,6.7,216,28.6
2025,10,27,8,30,1.8,8,6.8,49,28.6
2025,10,27,8,0,1.8,9,6.7,53,28.6
2025,10,27,7,30,1.8,9,6.6,51,28.6
2025,10,27,7,0,1.8,9,6.6,59,28.6
2025,10,27,6,30,1.8,8,6.5,45,28.6
2025,10,27,6,0,1.8,8,6.5,42,28.6
2025,10,27,5,30,1.8,9,6.7,51,28.6
2025,10,27,5,0,1.7,9,6.4,58,28.7
2025,10,27,4,30,1.9,8,6.6,46,28.7
2025,10,27,4,0,1.8,9,6.7,51,28.7
2025,10,27,3,30,1.8,8,6.8,52,28.7
2025,10,27,3,0,1.7,8,6.8,53,28.7
2025,10,27,2,30,1.6,9,6.7,42,28.7
2025,10,27,2,0,1.7,9,6.8,55,28.7
2025,10,27,1,30,1.5,9,6.8,53,28.8
2025,10,27,1,0,1.6,9,7.1,53,28.7
2025,10,27,0,30,1.6,13,6.7,205,28.7
2025,10,27,0,0,1.6,13,6.5,212,28.7